Country,Year,childMortalityRate,GDP_per_Capita,lifeExpectancy,totalPopulationPoverty,birthRate,percentage_of_totalUrbanPopulation,percentageUsage_of_safely_managed_drinking_water,totalHealthcareExpenditure
Albania,2002,2.4338715,6753.914,75.299,33337.0,15.585,43.501,48.984764,5.66
Albania,2005,1.9964993,8040.1206,76.427,17800.0,13.862,46.731,52.57833,5.73
Albania,2008,1.5751128,9912.197,78.248,5892.0,12.209,49.991,58.32848,5.51
Albania,2012,1.1213188,11228.005,78.084,18003.0,12.868,54.33,66.38085,6.16
Albania,2014,0.9927909,11586.874,78.029,29558.0,13.071,56.423,70.56326,6.43
Albania,2015,0.9575397,11878.495,78.358,2767.0,12.431,57.434,70.59197,6.46
Albania,2016,0.94003564,12291.902,78.643,4006.0,11.873,58.421,70.61651,6.73
Albania,2017,0.93337697,12771.054,78.9,11280.0,11.416,59.383,70.63694,6.58
Albania,2018,0.9342903,13317.185,79.238,1379.0,10.898,60.319,70.65335,6.67
Albania,2019,0.93854076,13653.249,79.467,0.0,10.757,61.229,70.665855,6.86
Albania,2020,0.94281656,13278.435,77.824,604.0,10.536,62.112,70.67454,7.52
Algeria,2011,2.7089229,11113.969,74.383,0.0,24.76,68.236,75.46992,5.27
Armenia,2001,2.9134624,4346.9077,71.174,437848.0,11.731,64.385,82.45862,4.65
Armenia,2002,2.774214,4965.224,71.486,309467.0,11.985,64.236,82.57382,7.61
Armenia,2003,2.6387086,5698.7783,71.734,232526.0,12.838,64.137,82.6919,7.18
Armenia,2004,2.5091786,6334.856,71.926,163030.0,13.272,64.038,82.81056,6.06
Armenia,2005,2.3847854,7259.204,72.082,80129.0,13.51,63.938,82.929756,5.86
Armenia,2006,2.2685268,8273.786,72.219,60487.0,13.786,63.839,83.04957,5.85
Armenia,2007,2.1581595,9476.472,72.359,46154.0,14.239,63.739,83.16992,5.5
Armenia,2008,2.0527716,10201.56,72.519,26245.0,14.621,63.64,83.29089,6.64
Armenia,2009,1.9532334,8819.678,72.714,36984.0,14.971,63.54,83.26617,8.44
Armenia,2010,1.8574622,9068.788,72.938,28033.0,15.039,63.44,83.24159,9.24
Armenia,2011,1.7654841,9551.158,73.185,34710.0,15.253,63.34,83.21717,9.38
Armenia,2012,1.6792017,10289.976,73.44,24254.0,15.469,63.24,83.19289,9.13
Armenia,2013,1.5979998,10677.304,73.713,50434.0,15.445,63.164,83.16902,10.32
Armenia,2014,1.5202264,11105.532,73.98,41590.0,15.062,63.112,83.14535,10.18
Armenia,2015,1.4470651,11506.039,74.229,32999.0,14.304,63.085,83.07821,10.12
Armenia,2016,1.3767346,11580.384,74.494,31752.0,13.908,63.082,82.93473,9.95
Armenia,2017,1.3119541,12509.64,74.744,22406.0,12.934,63.103,82.79146,10.36
Armenia,2018,1.2497162,13231.431,74.978,38005.0,12.552,63.149,82.95984,10.01
Armenia,2019,1.1901386,14317.553,75.193,29054.0,12.331,63.219,82.822845,11.38
Armenia,2020,1.1337883,13357.697,68.89,9876.0,12.082,63.313,82.68582,12.24
Armenia,2021,1.0795308,14206.545,72.552,14611.0,12.415,63.431,82.548775,12.34
Austria,2000,0.5499205,46469.86,78.235,0.0,9.742,60.213,96.71924,9.2
Austria,2003,0.5192317,47633.113,78.849,26980.0,9.389,59.375,97.23301,9.55
Austria,2004,0.5050633,48633.273,79.362,6673.0,9.567,59.094,97.404274,9.71
Austria,2005,0.49011794,49387.027,79.52,12645.0,9.431,58.813,97.57553,9.63
Austria,2006,0.47643065,50840.695,79.965,7451.0,9.354,58.532,97.746796,9.53
Austria,2007,0.46498805,52565.074,80.166,30883.0,9.12,58.249,97.91805,9.53
Austria,2008,0.4543829,53166.055,80.363,39208.0,9.263,57.966,98.08932,9.73
Austria,2009,0.4439885,51030.727,80.206,54752.0,9.104,57.683,98.260574,10.23
Austria,2010,0.43251032,51843.43,80.463,41039.0,9.362,57.399,98.43184,10.22
Austria,2011,0.4193775,53179.15,80.828,34859.0,9.261,57.115,98.603096,10.03
Austria,2012,0.404944,53297.445,80.841,52006.0,9.302,57.147,98.77435,10.2
Austria,2013,0.39125857,52997.754,81.078,28662.0,9.286,57.336,98.91264,10.29
Austria,2014,0.37994617,52932.9,81.39,19166.0,9.476,57.526,98.91103,10.37
Austria,2015,0.3713604,52873.86,81.159,58528.0,9.669,57.715,98.909424,10.37
Austria,2016,0.36483037,53345.742,81.592,58017.0,9.975,57.905,98.90781,10.35
Austria,2017,0.35958904,54172.99,81.639,27984.0,9.927,58.094,98.906204,10.38
Austria,2018,0.35459232,55217.285,81.686,50246.0,9.66,58.297,98.90447,10.35
Austria,2019,0.34872368,55769.684,81.907,56888.0,9.542,58.515,98.90262,10.49
Austria,2020,0.3412336,51854.75,81.804,60954.0,9.356,58.748,98.90064,11.39
Austria,2021,0.3316873,53817.305,81.82,43509.0,9.518,58.995,98.898544,12.1
Azerbaijan,2001,6.9401026,4360.4595,66.043,499460.0,14.267,51.587,59.488415,2.77
Azerbaijan,2002,6.447319,4736.5645,66.769,6497.0,14.214,51.787,60.110435,2.73
Azerbaijan,2003,5.9952374,5180.6865,67.036,4165.0,14.446,51.988,60.72896,2.73
Azerbaijan,2004,5.5814238,5610.763,67.488,0.0,18.001,52.189,61.343765,2.66
Azerbaijan,2005,5.2121325,7106.598,67.71,0.0,18.312,52.389,61.954678,2.23
Bangladesh,2000,8.59611,2267.0754,62.049,43048940.0,29.589,23.59,55.318703,1.81
Bangladesh,2005,6.44563,2663.0962,65.509,33771944.0,26.055,26.809,55.21885,2.06
Bangladesh,2010,4.9121737,3395.3647,68.009,27042588.0,21.874,30.462,55.008587,2.29
Bangladesh,2016,3.6786962,4589.0938,71.075,21520270.0,20.226,35.083,56.8508,2.39
Belarus,2000,1.27619,8053.1733,68.464,1361461.0,9.063,69.973,81.812706,5.28
Belarus,2001,1.1833812,8477.084,68.435,657689.0,8.921,70.458,81.963066,5.71
Belarus,2002,1.0945287,8961.641,68.298,433526.0,8.727,70.939,82.11219,5.62
Belarus,2003,1.0148051,9660.193,68.429,343901.0,8.756,71.415,82.25976,5.77
Belarus,2004,0.9428797,10839.956,68.688,126573.0,8.877,71.887,83.36191,5.74
Belarus,2005,0.8733099,11940.186,68.982,86095.0,9.148,72.354,84.4452,6.07
Belarus,2006,0.8013787,13214.871,69.436,38283.0,9.859,72.816,85.50994,5.57
Belarus,2007,0.72985446,14417.353,69.986,20899.0,10.583,73.273,86.55645,5.69
Belarus,2008,0.6641608,15942.896,70.349,15866.0,11.028,73.726,87.58524,5.29
Belarus,2009,0.60736966,16014.114,70.409,13133.0,11.271,74.172,88.59596,5.39
Belarus,2010,0.55914116,17300.703,70.501,3219.0,11.251,74.672,89.600494,5.66
Belarus,2011,0.51917505,18274.02,71.068,622.0,11.574,75.188,90.58958,4.87
Belarus,2012,0.48580855,18611.453,71.8,1139.0,12.251,75.697,91.558914,5.25
Belarus,2013,0.45738965,18805.43,72.681,0.0,12.487,76.199,92.31101,5.7
Belarus,2014,0.43230692,19119.312,73.245,0.0,12.535,76.693,92.40423,5.39
Belarus,2015,0.40868983,18362.695,73.761,0.0,12.546,77.181,92.496704,6.07
Belarus,2016,0.38526317,17883.19,74.153,0.0,12.329,77.661,92.588005,5.91
Belarus,2017,0.36142287,18356.066,74.362,0.0,10.842,78.134,92.678314,5.76
Belarus,2018,0.33702394,18974.746,74.334,0.0,9.965,78.595,92.76655,5.53
Belarus,2019,0.3129022,19288.041,74.255,0.0,9.29,79.044,92.85267,5.86
Belarus,2020,0.2911196,19239.553,72.269,0.0,8.886,79.483,92.93711,6.41
Belgium,2000,0.5872167,43024.14,77.768,31318.0,11.303,97.129,99.63135,8.0
Belgium,2003,0.5322205,44160.91,78.32,30549.0,10.918,97.296,99.63135,9.16
Belgium,2004,0.5167834,45540.47,78.96,5421.0,11.173,97.35,99.631355,9.33
Belgium,2005,0.50271934,46342.188,79.053,20231.0,11.308,97.403,99.631355,9.22
Belgium,2006,0.49000502,47212.58,79.389,17820.0,11.507,97.454,99.63135,9.13
Belgium,2007,0.4782424,48590.402,79.528,16093.0,11.578,97.505,99.63135,9.14
Belgium,2008,0.46697307,48423.516,79.579,12682.0,11.759,97.555,99.63135,9.6
Belgium,2009,0.45601177,47064.79,79.849,11615.0,11.667,97.603,99.63135,10.32
Belgium,2010,0.44609037,47972.56,80.04,14940.0,11.762,97.651,99.63966,10.2
Belgium,2011,0.43706578,48154.87,80.366,18574.0,11.52,97.698,99.64798,10.36
Belgium,2012,0.42896238,48210.926,80.26,17390.0,11.385,97.744,99.656296,10.5
Belgium,2013,0.4218151,48204.586,80.467,16126.0,11.159,97.789,99.664604,10.58
Belgium,2014,0.4154728,48748.62,81.08,8574.0,11.049,97.833,99.67293,10.61
Belgium,2015,0.41051784,49456.4,80.889,7977.0,10.747,97.876,99.68124,10.8
Belgium,2016,0.4067153,49829.926,81.265,6778.0,10.668,97.919,99.68956,10.79
Belgium,2017,0.40308413,50442.27,81.362,16820.0,10.435,97.961,99.69787,10.8
Belgium,2018,0.39854434,51113.48,81.481,9269.0,10.264,98.001,99.706184,10.86
Belgium,2019,0.39286914,51977.17,81.835,9025.0,10.217,98.041,99.71451,10.79
Belgium,2020,0.38605934,49030.992,80.798,6315.0,10.014,98.079,99.72281,11.2
Belgium,2021,0.37812278,52174.906,81.659,3472.0,10.169,98.117,99.73113,11.04
Bhutan,2003,6.543248,5186.7124,64.662,84800.0,21.706,28.688,23.657469,4.13
Bhutan,2007,4.9682307,6955.8916,67.152,39898.0,20.795,32.469,25.27158,4.13
Bhutan,2012,3.5471597,9346.083,69.759,12478.0,17.589,36.371,34.166004,3.62
Bhutan,2017,2.8233972,11619.064,71.413,7151.0,13.759,40.167,56.59075,3.34
Bosnia and Herzegovina,2001,0.90629655,6965.4927,75.573,13665.0,9.977,42.698,87.472725,7.61
Bosnia and Herzegovina,2004,0.7729036,8180.7656,76.489,7505.0,10.125,43.648,87.83569,9.06
Bosnia and Herzegovina,2007,0.7076471,9803.973,76.162,2664.0,9.555,44.601,88.19037,9.53
Bosnia and Herzegovina,2011,0.6581684,10933.108,76.963,2807.0,8.865,45.878,88.65034,9.18
Brazil,2001,3.2412105,11536.364,69.98,23242706.0,19.185,81.553,76.59753,8.55
Brazil,2002,3.0300298,11739.432,70.396,21185508.0,18.49,81.88,76.98464,8.7
Brazil,2003,2.8309913,11733.411,70.884,23022010.0,17.819,82.203,77.26597,8.19
Brazil,2004,2.6443863,12268.664,71.361,20422522.0,17.5,82.521,77.54171,8.12
Brazil,2005,2.4727066,12520.855,71.832,18610434.0,17.176,82.834,77.811966,8.04
Brazil,2006,2.317732,12877.444,72.296,15604586.0,16.691,83.143,78.077126,8.25
Brazil,2007,2.1785789,13518.848,72.73,15015059.0,16.243,83.448,78.337265,8.2
Brazil,2008,2.056979,14067.946,73.111,12538463.0,15.801,83.749,78.59245,8.01
Brazil,2009,1.9515293,13916.963,73.457,11905237.0,15.564,84.044,78.84221,8.39
Brazil,2011,1.7867286,15271.47,74.047,10548393.0,15.141,84.631,79.329895,7.79
Brazil,2012,1.7235578,15425.353,74.335,8986021.0,14.935,84.923,79.56786,7.74
Brazil,2013,1.6715246,15751.484,74.609,7521300.0,14.785,85.209,80.38308,7.98
Brazil,2014,1.6276544,15695.644,74.823,6766963.0,14.784,85.492,81.1948,8.4
Brazil,2015,1.5909408,15011.577,75.106,7956117.0,14.684,85.77,82.002464,8.91
Brazil,2016,1.6688896,14402.494,75.081,9792223.0,14.146,86.042,82.74326,9.17
Brazil,2017,1.5306153,14477.861,75.383,11056501.0,14.123,86.309,83.605156,9.47
Brazil,2018,1.503918,14619.591,75.633,11151597.0,14.022,86.569,84.40004,9.46
Brazil,2019,1.4784147,14685.128,75.809,11455808.0,13.548,86.824,85.190926,9.61
Brazil,2020,1.4529544,14109.764,74.506,4159606.0,12.995,87.073,85.921616,10.18
Brazil,2021,1.4275074,14735.582,73.038,12504996.0,12.754,87.317,86.644035,9.89
Bulgaria,2006,1.2487419,15906.753,72.69,443192.0,9.775,70.932,92.78908,6.53
Bulgaria,2007,1.1889246,17090.451,73.008,135227.0,10.03,71.278,93.31077,6.16
Bulgaria,2008,1.1442215,18265.783,73.338,93746.0,10.394,71.622,93.832695,6.28
Bulgaria,2009,1.108997,17768.514,73.681,97206.0,10.848,71.963,94.35487,6.6
Bulgaria,2010,1.0752125,18164.055,73.814,148484.0,10.226,72.302,94.8773,7.1
Bulgaria,2011,1.034277,18663.006,74.169,180678.0,9.666,72.638,95.39997,7.1
Bulgaria,2012,0.9818427,18911.982,74.337,168725.0,9.473,72.975,95.92294,7.54
Bulgaria,2013,0.92421055,18914.898,74.828,129593.0,9.182,73.313,96.44623,7.14
Bulgaria,2014,0.8675979,19203.324,74.466,119940.0,9.339,73.651,96.923386,7.68
Bulgaria,2015,0.81593263,19982.867,74.621,245462.0,9.181,73.99,96.76209,7.39
Bulgaria,2016,0.77040374,20732.58,74.827,140168.0,9.123,74.329,96.60156,7.46
Bulgaria,2017,0.7318052,21458.049,74.798,97065.0,9.037,74.669,96.44181,7.49
Bulgaria,2018,0.699335,22196.02,74.933,61150.0,8.86,75.008,96.282814,7.33
Bulgaria,2019,0.67162603,23254.787,75.087,64430.0,8.817,75.347,96.124565,7.09
Bulgaria,2020,0.6475947,22466.918,73.599,17187.0,8.486,75.686,95.96708,8.48
Bulgaria,2021,0.6270866,24386.18,71.414,48085.0,8.579,76.025,95.81034,8.56
Canada,2000,0.62291735,41307.75,79.233,76046.0,10.674,79.478,98.16674,8.25
Canada,2001,0.6197735,41627.625,79.449,77360.0,10.685,79.81,98.17581,8.62
Canada,2002,0.618134,42412.414,79.566,75987.0,10.459,79.888,98.17795,8.86
Canada,2003,0.616447,42791.094,79.736,75031.0,10.516,79.967,98.18011,9.01
Canada,2004,0.613799,43704.668,80.029,77794.0,10.493,80.045,98.182236,9.07
Canada,2005,0.6094782,44683.766,80.131,78994.0,10.568,80.122,98.2408,9.04
Canada,2006,0.6034086,45401.465,80.54,81150.0,10.825,80.213,98.29947,9.34
Canada,2007,0.5962043,45884.383,80.542,81648.0,11.098,80.396,98.35997,9.45
Canada,2008,0.58847934,45841.996,80.73,81609.0,11.28,80.578,98.41991,9.61
Canada,2009,0.58047307,44000.402,81.065,82159.0,11.241,80.758,98.47926,10.66
Canada,2010,0.572749,44858.82,81.336,84615.0,11.049,80.937,98.53806,10.68
Canada,2011,0.5653129,45815.53,81.513,77657.0,10.967,81.096,98.59599,10.38
Canada,2012,0.55799925,46116.426,81.704,85578.0,10.968,81.137,98.65168,10.51
Canada,2013,0.5507258,46693.04,81.785,174182.0,10.843,81.178,98.70725,10.41
Canada,2014,0.5436183,47554.258,81.837,85815.0,10.835,81.218,98.7627,10.26
Canada,2015,0.5370306,47507.453,81.908,87795.0,10.694,81.259,98.81806,10.74
Canada,2016,0.5309502,47460.37,82.03,89809.0,10.551,81.3,98.87331,11.03
Canada,2017,0.5251514,48317.176,81.919,90271.0,10.266,81.35,98.928505,10.91
Canada,2018,0.5195316,48946.246,81.925,92652.0,10.035,81.411,98.98363,10.91
Canada,2019,0.51380694,49169.12,82.285,93491.0,9.855,81.482,99.03862,11.01
Central African Republic,2008,13.643628,1038.3353,49.873,2764512.0,42.457,38.506,7.489293,4.09
Central African Republic,2021,9.934717,838.19293,40.279,3583522.0,45.226,42.648,6.083898,9.07
Chad,2003,17.390053,1133.0654,48.609,5314602.0,50.028,21.735,5.6178207,5.51
Chad,2011,14.357805,1682.6577,50.426,4510350.0,48.49,22.054,5.8344636,3.91
Chad,2018,11.722278,1563.544,52.447,4899745.0,44.401,23.059,6.071436,4.57
Chile,2000,1.0890772,15415.754,77.128,894441.0,16.322,86.073,92.093025,7.0
Chile,2003,0.9505075,16636.654,77.884,838610.0,14.789,86.665,93.47617,7.25
Chile,2006,0.8962792,19339.488,78.533,334102.0,13.995,86.842,94.70764,6.07
Chile,2009,0.88232595,20255.1,78.89,280497.0,14.363,87.017,95.95955,7.25
Chile,2011,0.8546568,22323.723,79.236,155228.0,14.017,87.132,96.80475,6.8
Chile,2013,0.82498014,24011.592,79.551,90547.0,13.622,87.246,97.6581,7.48
Chile,2015,0.79592675,24464.746,80.008,76713.0,13.147,87.36,98.38248,8.35
Chile,2017,0.76121926,24546.912,80.61,66073.0,11.763,87.49,98.77024,9.09
Chile,2020,0.68559206,22970.55,79.349,258928.0,10.097,87.727,98.77137,9.73
Colombia,2000,2.5084386,9138.319,70.905,6861440.0,22.258,73.957,68.549515,5.64
Colombia,2001,2.4302683,9146.405,71.185,8364060.0,21.722,74.379,68.864174,5.94
Colombia,2002,2.3555844,9232.627,71.537,5735618.0,21.352,74.797,69.17526,5.73
Colombia,2003,2.2845845,9453.328,72.309,5339568.0,20.928,75.211,69.4828,5.78
Colombia,2004,2.21709,9816.277,72.76,5000941.0,20.278,75.62,69.786385,5.8
Colombia,2005,2.1514704,10150.708,73.156,4533185.0,19.579,76.024,70.08601,6.07
Colombia,2008,1.9592377,11507.525,74.206,4830818.0,18.191,77.204,70.884834,6.84
Colombia,2009,1.8963541,11507.717,74.531,4255112.0,17.656,77.587,71.12999,7.31
Colombia,2010,1.8357729,11890.203,74.876,3712740.0,16.93,77.964,71.37048,7.07
Colombia,2011,1.7766327,12578.016,75.18,3093760.0,16.321,78.335,71.60638,6.78
Colombia,2012,1.7183542,12934.966,75.611,3074343.0,15.986,78.701,71.83813,6.75
Colombia,2013,1.6621292,13465.075,75.834,2825924.0,15.63,79.061,72.06536,7.02
Colombia,2014,1.609964,13938.231,75.95,2535258.0,15.258,79.415,72.2881,7.19
Colombia,2015,1.560385,14215.688,76.067,2320871.0,14.764,79.764,72.506836,7.52
Colombia,2016,1.509533,14358.168,76.228,2340116.0,14.271,80.108,72.7216,7.53
Colombia,2017,1.4630193,14334.915,76.418,2098202.0,14.177,80.446,72.93201,7.68
Colombia,2018,1.4152622,14426.435,76.579,2216606.0,14.195,80.778,73.126434,7.63
Colombia,2019,1.3701354,14616.135,76.793,2652273.0,14.218,81.104,73.27192,7.78
Colombia,2020,1.3260086,13358.298,74.757,4767040.0,14.106,81.425,73.41323,8.71
Colombia,2021,1.2815459,14661.213,72.698,3778568.0,13.947,81.74,73.719894,9.02
Congo,2005,8.615249,4638.1997,58.73,1820028.0,37.033,60.988,31.195251,1.72
Congo,2011,5.9967995,4996.9194,62.286,1651431.0,38.403,63.712,41.3869,1.75
Costa Rica,2000,1.3109553,12570.696,77.317,275630.0,20.237,59.052,76.406235,6.56
Costa Rica,2001,1.2598679,12771.951,77.609,206502.0,19.408,60.41,76.75396,6.47
Costa Rica,2002,1.2156413,12986.001,77.939,192744.0,18.188,61.753,77.086716,6.87
Costa Rica,2003,1.1801822,13333.217,78.214,197882.0,17.572,63.08,77.40466,6.97
Costa Rica,2004,1.1536767,13713.009,78.512,198328.0,17.136,64.388,77.70785,6.63
Costa Rica,2005,1.1342883,14049.909,78.877,143890.0,17.253,65.672,77.99628,6.66
Costa Rica,2006,1.1195012,14864.781,79.049,146137.0,16.429,66.935,78.27048,6.94
Costa Rica,2007,1.1065214,15861.875,79.098,80838.0,16.604,68.174,78.530624,7.0
Costa Rica,2008,1.0921179,16385.002,79.18,108974.0,16.806,69.39,78.77712,7.47
Costa Rica,2009,1.0738909,16024.03,79.372,113047.0,16.525,70.575,79.010025,7.86
Costa Rica,2010,1.0504086,16667.016,79.354,68836.0,15.407,71.736,79.23004,8.03
Costa Rica,2011,1.0223815,17186.45,79.624,81913.0,15.759,72.868,79.437386,8.12
Costa Rica,2012,0.9907535,17809.941,79.925,79261.0,15.461,73.946,79.63195,7.79
Costa Rica,2013,0.9592749,18044.945,80.189,78705.0,14.77,74.97,79.81455,7.68
Costa Rica,2014,0.93023556,18480.652,80.231,72921.0,14.848,75.941,79.98602,7.66
Costa Rica,2015,0.9048977,18956.191,80.407,77013.0,14.704,76.862,80.14722,7.59
Costa Rica,2016,0.882923,19553.6,79.988,66104.0,14.184,77.735,80.29888,7.32
Costa Rica,2017,0.8636958,20168.22,79.994,58545.0,13.812,78.56,80.44177,7.05
Costa Rica,2018,0.84531987,20503.277,80.09,75901.0,13.622,79.34,80.52559,7.29
Costa Rica,2019,0.8264411,20818.062,80.296,53751.0,12.661,80.076,80.52068,7.22
Costa Rica,2020,0.80785495,19778.387,79.725,117387.0,11.366,80.771,80.516045,7.83
Costa Rica,2021,0.7903739,21220.162,78.05,64022.0,10.543,81.425,80.51169,7.57
Cote d'Ivoire,2008,11.033922,3522.234,54.179,6967603.0,40.474,46.491,24.474285,4.57
Cote d'Ivoire,2015,8.631452,4423.8267,58.281,7892434.0,38.768,49.444,35.010746,3.22
Cote d'Ivoire,2018,7.885119,4941.794,59.795,2969961.0,35.081,50.779,40.381012,3.09
Cote d'Ivoire,2021,7.1505523,5316.464,60.29,2724318.0,33.081,52.18,43.766457,3.13
Cyprus,2004,0.49853292,36498.637,79.007,958.0,11.894,68.41,96.10549,5.41
Cyprus,2005,0.46572262,37722.72,79.198,66.0,11.702,68.268,96.36541,5.44
Cyprus,2006,0.43463174,38847.344,79.456,192.0,12.023,68.125,96.6253,5.46
Cyprus,2007,0.4056492,39967.742,79.798,270.0,11.633,67.982,96.885155,5.36
Cyprus,2008,0.379103,40398.023,79.906,93.0,11.987,67.839,97.14498,6.01
Cyprus,2009,0.35556775,38535.41,80.375,1244.0,12.07,67.695,97.404785,6.47
Cyprus,2010,0.3354337,38297.0,80.632,414.0,11.844,67.551,97.66455,6.5
Cyprus,2011,0.31906718,37482.105,80.855,92.0,11.344,67.406,97.924286,6.43
Cyprus,2012,0.306786,35642.92,81.128,49.0,11.609,67.261,98.184,6.54
Cyprus,2013,0.29874167,33384.73,81.317,1132.0,11.027,67.137,98.44366,6.93
Cyprus,2014,0.29449257,33136.742,81.337,922.0,11.141,67.031,98.70326,6.93
Cyprus,2015,0.2940148,34453.39,81.464,318.0,11.242,66.946,98.962814,6.79
Cyprus,2016,0.29713795,36509.355,81.534,493.0,11.505,66.881,99.222305,6.65
Cyprus,2017,0.30310896,38288.27,81.543,397.0,11.158,66.836,99.48174,6.62
Cyprus,2018,0.31168562,39977.312,81.556,201.0,11.029,66.81,99.74111,6.83
Cyprus,2019,0.32284036,41741.805,81.454,1890.0,11.014,66.805,99.76519,7.07
Cyprus,2020,0.3347086,39871.87,81.23,156.0,11.142,66.821,99.765175,8.41
Cyprus,2021,0.34449404,43417.27,80.573,66.0,11.236,66.856,99.76513,9.43
Czechia,2002,0.4970314,26289.627,75.442,0.0,9.055,73.809,96.43583,6.18
Czechia,2004,0.45801467,28542.254,75.942,0.0,9.542,73.671,96.67268,6.35
Czechia,2005,0.43618184,30384.447,76.156,504.0,9.968,73.602,96.791664,6.34
Czechia,2006,0.4138964,32352.812,76.708,6738.0,10.327,73.533,96.91102,6.16
Czechia,2007,0.39214265,33956.246,76.919,11937.0,11.075,73.463,97.03072,5.99
Czechia,2008,0.37167454,34580.44,77.172,3404.0,11.451,73.394,97.150826,6.33
Czechia,2009,0.35337272,32782.613,77.258,1257.0,11.298,73.324,97.271286,7.25
Czechia,2010,0.33792403,33483.137,77.568,3789.0,11.116,73.255,97.39213,7.59
Czechia,2011,0.3257215,34002.19,77.814,4835.0,10.337,73.185,97.513336,7.56
Czechia,2012,0.31758538,33688.1,77.998,3385.0,10.278,73.197,97.635574,7.62
Czechia,2013,0.31372982,33661.47,78.169,4804.0,10.11,73.29,97.758224,7.52
Czechia,2014,0.31421515,34386.703,78.744,0.0,10.367,73.384,97.88044,7.61
Czechia,2015,0.31737405,36168.418,78.561,924.0,10.54,73.477,97.88072,7.37
Czechia,2016,0.3197281,37014.96,78.974,0.0,10.695,73.57,97.881004,7.45
Czechia,2017,0.31846803,38824.887,78.926,0.0,10.844,73.675,97.88132,7.38
Czechia,2018,0.3131637,39941.285,78.961,942.0,10.79,73.792,97.88166,7.47
Czechia,2019,0.30310002,40989.727,79.185,0.0,10.614,73.921,97.88205,7.6
Czechia,2020,0.2901627,38639.98,78.237,871.0,10.45,74.061,97.88247,9.21
Czechia,2021,0.27644008,40744.457,77.234,6288.0,10.616,74.214,97.88293,9.49
Democratic Republic of Congo,2004,14.085127,733.5419,53.534,51550456.0,43.781,37.0,12.182533,4.34
Democratic Republic of Congo,2012,10.58676,900.979,57.35,50163652.0,43.95,41.082,11.882121,3.22
Democratic Republic of Congo,2020,8.080456,1044.0712,60.428,73300160.0,42.19,45.638,11.185666,4.05
Denmark,2000,0.5635067,48907.01,76.815,0.0,12.496,85.1,94.021545,8.1
Denmark,2003,0.52172506,49262.645,77.401,18504.0,11.961,85.36,94.021545,8.9
Denmark,2004,0.5031153,50446.543,77.785,17023.0,11.918,85.566,94.41845,9.01
Denmark,2005,0.48362726,51483.273,78.226,13811.0,11.826,85.856,94.81535,9.09
Denmark,2006,0.4647142,53322.29,78.223,7477.0,11.882,86.098,95.212265,9.17
Denmark,2007,0.44716558,53569.027,78.349,760.0,11.672,86.293,95.60917,9.33
Denmark,2008,0.43211508,52982.53,78.714,6219.0,11.729,86.487,96.00607,9.51
Denmark,2009,0.42047295,50114.05,78.957,27327.0,11.336,86.654,96.40297,10.67
Denmark,2010,0.41236386,50825.414,79.247,3178.0,11.313,86.795,96.79988,10.61
Denmark,2011,0.40835896,51293.207,79.786,0.0,10.578,86.957,97.196785,10.41
Denmark,2012,0.40770325,51216.31,80.082,0.0,10.299,87.142,97.59369,10.52
Denmark,2013,0.40842122,51479.266,80.306,17458.0,9.923,87.292,97.99059,10.33
Denmark,2014,0.40868634,52048.336,80.632,11434.0,10.023,87.41,98.3875,10.31
Denmark,2015,0.40705457,52892.645,80.739,9970.0,10.171,87.526,98.78441,10.34
Denmark,2016,0.40291715,54185.008,80.881,15946.0,10.636,87.642,99.18131,10.25
Denmark,2017,0.3961521,55356.68,81.112,8123.0,10.59,87.757,99.57822,10.1
Denmark,2018,0.38782158,56178.773,80.991,9856.0,10.561,87.874,99.91883,10.1
Denmark,2019,0.37865835,56813.965,81.434,14618.0,10.502,87.994,99.91883,10.15
Denmark,2020,0.36914954,55275.062,81.546,9621.0,10.459,88.116,99.91882,10.56
Denmark,2021,0.36006087,58802.96,81.436,9001.0,10.838,88.24,99.91883,10.82
Dominican Republic,2000,3.9835362,9246.31,70.365,573465.0,25.557,61.753,41.959072,4.88
Dominican Republic,2001,3.8827138,9333.57,70.553,445412.0,25.069,62.565,42.08168,4.88
Dominican Republic,2002,3.7989464,9613.332,70.719,669688.0,24.385,63.371,42.202534,4.99
Dominican Republic,2003,3.7307777,9351.324,70.856,775831.0,23.738,64.605,42.37859,4.39
Dominican Republic,2004,3.6740863,9460.913,70.73,1049664.0,23.103,66.003,42.574596,4.29
Dominican Republic,2005,3.6274292,10215.499,71.043,679067.0,22.464,67.37,42.764915,4.35
Dominican Republic,2006,3.5899663,11009.275,71.054,580745.0,21.86,68.71,42.95012,3.99
Dominican Republic,2007,3.5615387,11677.254,71.097,570519.0,21.829,70.02,43.129864,4.09
Dominican Republic,2008,3.5397754,11899.228,71.331,518867.0,22.12,71.3,43.304207,4.56
Dominican Republic,2009,3.524814,11856.048,71.587,451527.0,22.344,72.542,43.47218,4.76
Dominican Republic,2010,3.5124316,12677.018,72.039,378245.0,22.167,73.753,43.63474,4.92
Dominican Republic,2011,3.5049179,12905.289,72.496,401626.0,21.871,74.827,43.778534,5.04
Dominican Republic,2012,3.4998698,13087.949,72.817,386075.0,21.522,75.802,43.908596,5.05
Dominican Republic,2013,3.5009313,13555.512,73.038,301850.0,21.179,76.749,44.033993,4.92
Dominican Republic,2014,3.5011277,14334.733,73.145,345060.0,20.844,77.67,44.15502,4.8
Dominican Republic,2015,3.5062594,15145.47,72.982,263786.0,20.538,78.566,44.271854,4.72
Dominican Republic,2016,3.5082679,15967.202,72.889,213728.0,20.239,79.436,44.384415,4.58
Dominican Republic,2017,3.5048192,16524.533,73.37,106637.0,20.009,80.277,44.49238,4.49
Dominican Republic,2018,3.4823208,17484.121,73.555,89950.0,19.848,81.074,44.59396,4.13
Dominican Republic,2019,3.4416814,18171.06,73.112,90612.0,19.43,81.828,44.68936,4.24
Dominican Republic,2020,3.3859172,16768.426,72.636,105533.0,18.957,82.54,44.778786,4.94
Dominican Republic,2021,3.3183346,18626.078,71.757,94916.0,18.571,83.213,44.86266,4.92
Ecuador,2000,2.9485033,8211.711,72.09,3554884.0,25.645,60.299,58.20305,3.33
Ecuador,2003,2.5416398,8670.211,73.632,1970596.0,24.18,61.316,59.74421,5.44
Ecuador,2004,2.4371164,9220.325,73.868,2038624.0,23.73,61.514,60.221443,5.57
Ecuador,2005,2.3414297,9542.225,73.909,1625344.0,23.317,61.711,60.698006,5.6
Ecuador,2006,2.2492657,9792.422,74.01,1142268.0,22.968,61.907,61.173904,5.71
Ecuador,2007,2.1579041,9836.419,74.226,1214100.0,22.604,62.104,61.64964,5.43
Ecuador,2008,2.0665915,10284.954,74.709,1089282.0,22.501,62.3,62.124714,5.47
Ecuador,2009,1.9765043,10170.651,74.901,1077770.0,22.427,62.495,62.599125,5.8
Ecuador,2010,1.8880905,10355.822,75.188,851139.0,21.887,62.69,63.073124,6.22
Ecuador,2011,1.80474,10988.722,75.179,711480.0,21.78,62.851,63.538517,6.58
Ecuador,2012,1.7259706,11424.152,75.486,691068.0,20.944,62.988,63.9978,6.86
Ecuador,2013,1.6533413,11806.924,75.832,509596.0,19.656,63.125,64.456795,6.88
Ecuador,2014,1.589333,12073.811,76.141,420591.0,18.896,63.261,64.91525,6.83
Ecuador,2015,1.5315703,11908.216,76.222,557150.0,18.357,63.398,65.37367,7.61
Ecuador,2016,1.4812467,11587.825,76.094,587720.0,17.622,63.534,65.83156,7.42
Ecuador,2017,1.4350747,11679.431,76.22,536515.0,17.677,63.67,66.181175,7.54
Ecuador,2018,1.3918806,11608.419,77.248,563472.0,17.523,63.821,66.3947,7.83
Ecuador,2019,1.3472164,11390.217,77.286,621528.0,16.924,63.986,66.609856,7.77
Ecuador,2020,1.3024747,10356.975,72.004,1146644.0,16.391,64.166,66.82667,8.36
Ecuador,2021,1.2582484,10668.758,72.746,637725.0,15.882,64.361,67.0449,8.29
Estonia,2003,0.85231304,22049.684,71.923,34398.0,9.519,68.989,92.67468,5.14
Estonia,2004,0.7800495,23691.152,72.375,14700.0,10.24,68.862,93.01373,5.34
Estonia,2005,0.7136913,26096.988,73.028,10996.0,10.608,68.735,93.35693,5.3
Estonia,2006,0.65279573,28814.92,73.2,11097.0,11.079,68.607,93.70418,4.97
Estonia,2007,0.59711915,31140.58,73.153,5702.0,11.775,68.479,94.05564,5.18
Estonia,2008,0.5462929,29621.764,74.279,5164.0,11.999,68.351,94.41134,5.96
Estonia,2009,0.5003618,25337.176,75.152,7407.0,11.837,68.223,94.77131,6.84
Estonia,2010,0.45930743,26015.746,75.882,10548.0,11.883,68.094,95.13546,6.59
Estonia,2011,0.42298976,27990.137,76.346,13004.0,11.113,67.965,95.50393,6.08
Estonia,2012,0.3907141,28997.322,76.416,9784.0,10.658,67.974,95.8874,6.1
Estonia,2013,0.36194497,29525.12,77.252,11330.0,10.308,68.122,96.281944,6.28
Estonia,2014,0.33550698,30494.096,77.11,10918.0,10.346,68.269,96.67542,6.36
Estonia,2015,0.31140894,31038.805,77.665,7893.0,10.512,68.416,96.8461,6.64
Estonia,2016,0.28880772,32008.934,77.763,6185.0,10.66,68.563,96.877945,6.7
Estonia,2017,0.26740557,33821.934,78.181,3540.0,10.478,68.717,96.91005,6.6
Estonia,2018,0.24729237,34979.867,78.334,3288.0,10.824,68.88,96.94275,6.69
Estonia,2019,0.22878876,36153.434,78.773,7390.0,10.611,69.051,96.97601,6.82
Estonia,2020,0.21267398,35883.266,78.893,4636.0,9.954,69.229,96.99839,7.58
Estonia,2021,0.19933052,38717.695,77.409,4116.0,9.85,69.415,97.00867,7.49
Ethiopia,2004,11.578604,781.9135,53.735,26411630.0,42.712,15.504,5.9760747,4.31
Ethiopia,2010,8.247439,1236.4794,59.709,27838164.0,36.571,17.319,7.7429366,5.47
Ethiopia,2015,6.305387,1750.6727,63.592,28032298.0,33.331,19.428,9.841515,3.82
Fiji,2002,2.2634604,9618.807,65.492,14333.0,24.339,48.692,39.43084,2.98
Fiji,2008,2.3185093,9961.513,66.32,9235.0,23.293,51.146,40.0519,3.18
Fiji,2013,2.0950284,10830.61,66.545,3323.0,21.495,53.706,40.703392,3.2
Fiji,2019,2.5537543,13241.546,67.009,12112.0,19.226,56.75,41.482864,4.25
Finland,2000,0.42790955,39894.195,77.671,0.0,10.939,82.183,93.81033,7.09
Finland,2003,0.39675093,42168.695,78.533,2569.0,10.832,82.638,95.00154,7.94
Finland,2004,0.38638452,43724.965,78.846,2061.0,11.0,82.772,95.398605,8.06
Finland,2005,0.3745586,44786.91,78.971,2902.0,10.975,82.905,95.79568,8.29
Finland,2006,0.36112463,46412.2,79.373,4233.0,11.124,83.037,96.19274,8.28
Finland,2007,0.34638137,48664.266,79.391,3371.0,11.07,83.168,96.58981,8.08
Finland,2008,0.33112594,48817.99,79.695,2862.0,11.156,83.299,96.98688,8.34
Finland,2009,0.31589705,44662.1,79.831,2801.0,11.267,83.429,97.38394,9.16
Finland,2010,0.30116764,45874.66,80.012,2888.0,11.3,83.77,97.78101,9.14
Finland,2011,0.28724524,46825.824,80.392,2554.0,11.086,84.313,98.17808,9.22
Finland,2012,0.27462,45952.246,80.508,2855.0,10.931,84.841,98.57516,9.59
Finland,2013,0.26369187,45328.574,80.869,4631.0,10.645,85.125,98.97222,9.81
Finland,2014,0.25471923,44976.777,81.055,3614.0,10.425,85.175,99.36929,9.78
Finland,2015,0.24768817,45072.59,81.377,3847.0,10.074,85.225,99.63062,9.65
Finland,2016,0.24234061,46206.79,81.303,2596.0,9.574,85.275,99.631874,9.38
Finland,2017,0.2386919,47570.133,81.497,3623.0,9.102,85.325,99.633125,9.13
Finland,2018,0.23623681,48048.523,81.626,3131.0,8.61,85.382,99.634544,9.05
Finland,2019,0.2343919,48583.434,81.864,2144.0,8.258,85.446,99.636154,9.17
Finland,2020,0.23298152,47371.22,81.822,1527.0,8.398,85.517,99.637924,9.63
Finland,2021,0.23201485,48614.82,81.814,1183.0,8.931,85.596,99.6399,10.25
France,2000,0.53862524,39726.49,79.044,0.0,13.132,75.871,97.35588,9.58
France,2001,0.52511245,40220.1,79.221,0.0,12.983,76.127,97.352356,9.71
France,2002,0.5097707,40381.46,79.411,0.0,12.723,76.38,97.34887,10.02
France,2003,0.49289736,40425.637,79.419,97966.0,12.624,76.632,97.345406,10.08
France,2004,0.47647318,41265.125,80.336,31186.0,12.638,76.883,97.46617,10.16
France,2005,0.46260357,41638.03,80.337,27206.0,12.626,77.13,97.58779,10.21
France,2006,0.45226115,42362.984,80.745,17580.0,12.885,77.377,97.71021,10.39
France,2007,0.44400245,43123.5,80.96,9519.0,12.624,77.621,97.83345,10.32
France,2008,0.4361607,42993.06,81.039,6240.0,12.728,77.868,97.95746,10.5
France,2009,0.42856246,41544.023,81.163,28699.0,12.631,78.117,98.08226,11.29
France,2010,0.42135924,42145.684,81.405,56833.0,12.692,78.369,98.20785,11.23
France,2011,0.41528717,42862.414,81.781,16848.0,12.448,78.622,98.33426,11.18
France,2012,0.41142678,42789.05,81.739,40023.0,12.326,78.878,98.46149,11.3
France,2013,0.41098404,42813.934,81.979,39859.0,12.131,79.135,98.589554,11.4
France,2014,0.41342267,43021.395,82.437,12386.0,12.063,79.394,98.718445,11.54
France,2015,0.4175338,43345.785,82.149,88879.0,11.711,79.655,98.8482,11.45
France,2016,0.42190027,43705.15,82.401,38784.0,11.441,79.917,98.97879,11.47
France,2017,0.42492956,44577.066,82.439,10632.0,11.099,80.18,99.110245,11.35
France,2018,0.4250307,45245.96,82.568,14216.0,10.947,80.444,99.24255,11.21
France,2019,0.42251903,45922.793,82.73,34670.0,10.826,80.709,99.37574,11.09
France,2020,0.41840225,42344.945,82.199,77636.0,10.56,80.975,99.50978,12.13
France,2021,0.413148,44941.438,82.322,38190.0,10.627,81.242,99.64471,12.31
Gambia,2003,9.959146,2089.621,58.223,800622.0,39.728,50.555,25.666456,5.33
Gambia,2010,7.3291044,2172.1938,61.167,579334.0,38.872,55.662,35.05232,4.12
Gambia,2015,5.948455,1905.823,62.971,304174.0,35.746,59.228,42.348812,3.18
Gambia,2020,4.89272,2042.6202,64.418,444721.0,31.525,62.582,46.495304,3.73
Georgia,2000,3.635304,4919.232,70.091,933659.0,12.452,52.638,64.11659,7.19
Georgia,2001,3.3851635,5236.2227,70.371,923644.0,12.248,52.398,64.06283,7.17
Georgia,2002,3.1258178,5572.622,70.438,504857.0,12.206,52.441,64.14716,7.81
Georgia,2003,2.8624902,6230.822,71.377,511715.0,12.132,52.83,64.3997,8.03
Georgia,2004,2.6009612,6632.8145,71.011,485891.0,12.326,53.218,64.65125,8.09
Georgia,2005,2.3509667,7315.198,70.689,502746.0,12.563,53.605,64.90184,8.08
Georgia,2006,2.1165419,8049.9062,70.983,488543.0,12.906,53.992,65.151955,7.63
Georgia,2007,1.9041771,9109.897,70.985,548027.0,13.591,54.379,65.40159,7.44
Georgia,2008,1.7154684,9358.614,70.949,478996.0,14.697,54.765,65.650246,8.44
Georgia,2009,1.5532651,9097.421,71.058,462609.0,15.939,55.15,65.89795,9.57
Georgia,2010,1.4149396,9735.158,71.732,543929.0,15.638,55.535,66.14517,9.07
Georgia,2011,1.3021834,10535.907,72.485,503421.0,14.987,55.919,66.39143,8.01
Georgia,2012,1.2115719,11294.861,72.672,397730.0,14.856,56.303,66.63722,8.05
Georgia,2013,1.1415465,11738.51,73.025,300340.0,15.065,56.685,66.88157,7.88
Georgia,2014,1.0886471,12254.126,73.105,227890.0,16.09,57.067,67.12544,7.9
Georgia,2015,1.0492642,12605.14,73.241,181775.0,16.021,57.448,67.368355,7.42
Georgia,2016,1.0214412,12963.744,73.136,183146.0,15.818,57.837,67.61462,8.0
Georgia,2017,1.0005869,13589.707,73.435,232250.0,14.905,58.231,67.8628,7.06
Georgia,2018,0.984196,14253.409,73.985,207162.0,14.334,58.632,68.113815,7.11
Georgia,2019,0.9702479,14989.258,74.165,180377.0,13.588,59.039,68.367195,6.66
Georgia,2020,0.9576086,13966.326,73.509,216173.0,13.053,59.453,68.62339,8.43
Georgia,2021,0.9456889,15486.659,71.635,203418.0,12.881,59.872,68.88146,8.42
Germany,2000,0.53565174,42928.18,78.056,0.0,9.355,74.965,99.8429,9.89
Germany,2001,0.52174723,43576.637,78.402,0.0,8.964,75.17,99.8429,9.92
Germany,2002,0.5091867,43417.31,78.475,0.0,8.769,75.374,99.8429,10.18
Germany,2003,0.49714905,43089.473,78.536,0.0,8.639,75.577,99.84291,10.4
Germany,2004,0.48499998,43605.277,79.119,0.0,8.655,75.779,99.84935,10.15
Germany,2005,0.47274175,43949.29,79.254,0.0,8.437,75.98,99.85583,10.31
Germany,2006,0.46045408,45678.082,79.586,0.0,8.4,76.179,99.862335,10.18
Germany,2007,0.44851813,47100.61,79.731,0.0,8.349,76.378,99.86888,10.05
Germany,2008,0.4371811,47643.223,79.816,0.0,8.336,76.575,99.87546,10.25
Germany,2009,0.42686749,45044.49,79.915,0.0,8.16,76.771,99.87845,11.24
Germany,2010,0.41774482,46999.24,80.081,0.0,8.373,76.966,99.88153,11.1
Germany,2011,0.4100019,49757.926,80.355,0.0,8.272,77.16,99.884705,10.78
Germany,2012,0.4038357,49872.45,80.502,0.0,8.421,77.17,99.88772,10.85
Germany,2013,0.3990395,49954.17,80.454,0.0,8.387,77.18,99.89073,11.0
Germany,2014,0.39559397,50845.527,80.906,0.0,8.734,77.19,99.89375,11.03
Germany,2015,0.39279786,51159.297,80.566,0.0,8.925,77.2,99.896774,11.19
Germany,2016,0.38954037,51879.67,80.837,0.0,9.524,77.224,99.89984,11.24
Germany,2017,0.38521776,53071.457,80.937,202061.0,9.439,77.261,99.90295,11.34
Germany,2018,0.37992954,53431.395,80.875,0.0,9.448,77.312,99.90611,11.48
Germany,2019,0.37404504,53884.375,81.189,207383.0,9.32,77.376,99.90935,11.72
Germany,2020,0.36800098,51780.027,81.004,202743.0,9.269,77.453,99.91265,12.69
Ghana,2005,8.344907,3075.9626,59.638,9725133.0,34.403,47.308,17.23668,3.63
Ghana,2012,6.33343,4402.546,61.995,7037056.0,32.519,52.073,28.129812,4.01
Ghana,2016,5.299418,4662.011,63.522,7576500.0,30.172,54.749,35.01281,3.39
Greece,2000,0.6399519,29133.713,78.442,53284.0,9.897,72.716,99.15239,7.24
Greece,2003,0.51937497,32981.207,79.085,54454.0,9.829,73.689,99.35515,8.45
Greece,2004,0.48606247,34564.76,79.35,70314.0,9.829,74.073,99.42153,8.09
Greece,2005,0.45753407,34670.035,79.65,37199.0,9.904,74.452,99.48649,8.56
Greece,2006,0.43399104,36519.89,79.76,60911.0,10.16,74.827,99.47334,8.26
Greece,2007,0.41614953,37619.496,79.662,55161.0,10.165,75.199,99.44517,8.4
Greece,2008,0.4044153,37394.01,80.105,38157.0,10.625,75.568,99.41644,8.83
Greece,2009,0.3981642,35691.793,80.368,69600.0,10.615,75.932,99.38721,9.41
Greece,2010,0.39665443,33693.21,80.573,108218.0,10.333,76.292,99.35745,9.6
Greece,2011,0.3992412,30318.404,80.625,124699.0,9.6,76.649,99.3272,9.19
Greece,2012,0.40486807,28322.572,80.422,160807.0,9.121,77.004,99.29645,8.92
Greece,2013,0.41238594,27810.912,81.067,104737.0,8.61,77.355,99.2652,8.44
Greece,2014,0.42012048,28129.96,81.12,164823.0,8.482,77.702,99.233475,7.89
Greece,2015,0.42545146,28260.387,80.789,148256.0,8.507,78.046,99.18443,8.22
Greece,2016,0.42687955,28239.92,81.269,111984.0,8.632,78.387,99.13364,8.45
Greece,2017,0.42485183,28604.861,80.961,93864.0,8.234,78.724,99.08283,8.14
Greece,2018,0.41984433,29141.174,81.495,14979.0,8.054,79.058,99.032036,8.12
Greece,2019,0.41287726,29720.17,81.349,73931.0,7.798,79.388,98.98124,8.2
Greece,2020,0.40513316,27009.207,81.536,86284.0,7.921,79.715,98.93044,9.5
Greece,2021,0.39742193,29630.93,80.531,59937.0,8.144,80.038,98.87964,9.17
Guatemala,2000,5.21505,6499.8833,67.102,1113518.0,34.708,45.332,46.81889,5.4
Guatemala,2006,4.100584,6972.382,68.79,1539367.0,30.024,47.21,49.712692,6.36
Guatemala,2014,2.949849,7939.3745,70.942,1457361.0,26.467,49.634,53.69085,5.89
Guinea-Bissau,2002,16.252876,1628.7303,51.608,683551.0,41.564,37.004,18.36966,3.97
Guinea-Bissau,2010,11.439409,1697.4956,56.999,1045102.0,38.308,40.111,20.731943,5.27
Guinea-Bissau,2018,8.26713,1851.8866,61.652,421193.0,32.374,43.36,22.985617,7.28
Guinea-Bissau,2021,7.448476,1831.3832,61.653,543754.0,30.969,44.617,23.775919,8.22
Honduras,2001,3.5697255,4058.1116,68.491,1356435.0,33.357,45.964,41.871067,5.93
Honduras,2002,3.4109788,4101.277,68.714,1544041.0,32.375,46.61,42.148388,6.24
Honduras,2003,3.261933,4179.423,68.874,1908460.0,31.355,47.267,43.520744,6.89
Honduras,2004,3.120899,4330.7393,69.05,1877823.0,30.487,47.927,44.92496,6.85
Honduras,2005,2.9899192,4482.758,69.198,1896224.0,29.613,48.585,46.360733,7.5
Honduras,2006,2.8677,4665.767,69.364,1637499.0,28.743,49.245,47.828735,7.86
Honduras,2007,2.7529683,4842.423,69.539,1239623.0,28.114,49.905,49.32892,8.08
Honduras,2008,2.6482396,4936.869,69.657,1235038.0,27.525,50.566,50.86167,8.6
Honduras,2009,2.5496974,4714.679,69.823,1019936.0,26.96,51.225,52.42657,9.0
Honduras,2010,2.4565208,4790.1094,69.77,1166415.0,26.316,51.885,54.0244,8.73
Honduras,2011,2.3684556,4874.8735,70.116,1235009.0,25.776,52.543,55.65461,8.79
Honduras,2012,2.28465,4978.074,70.46,1494061.0,25.306,53.202,57.31811,8.66
Honduras,2013,2.2036746,5020.937,70.765,1305434.0,24.803,53.858,59.013924,8.48
Honduras,2014,2.1233883,5079.7036,71.032,1212377.0,24.388,54.514,60.74301,7.91
Honduras,2015,2.0475605,5180.1865,71.323,1206199.0,24.084,55.165,62.13795,7.48
Honduras,2016,1.9734819,5287.253,71.615,1381937.0,23.804,55.813,62.596836,7.71
Honduras,2017,1.903655,5447.6987,71.805,1333849.0,23.504,56.457,63.051792,7.01
Honduras,2018,1.8392136,5561.2627,72.001,1393872.0,23.392,57.096,63.502495,7.23
Honduras,2019,1.7728927,5613.6606,72.124,1269053.0,23.111,57.73,63.948986,7.3
Hungary,2004,0.7946959,23358.887,72.906,10580.0,9.451,65.896,86.74695,7.76
Hungary,2005,0.75450414,24410.48,72.865,73081.0,9.712,66.365,86.78802,7.98
Hungary,2006,0.7177157,25413.277,73.344,13864.0,9.931,66.895,86.834435,7.78
Hungary,2007,0.6833094,25523.275,73.431,15078.0,9.768,67.421,86.88051,7.2
Hungary,2008,0.65208787,25824.693,73.957,2135.0,9.87,67.943,86.92622,7.09
Hungary,2009,0.62568307,24158.207,74.179,6494.0,9.628,68.46,86.971504,7.22
Hungary,2010,0.60427374,24473.463,74.519,7179.0,9.09,68.911,87.011,7.45
Hungary,2011,0.5876497,25001.086,74.923,9130.0,8.957,69.358,87.05015,7.48
Hungary,2012,0.5735917,24816.346,75.183,32316.0,9.08,69.678,87.07818,7.41
Hungary,2013,0.5568561,25333.33,75.683,17837.0,9.038,69.953,88.59905,7.23
Hungary,2014,0.53329676,26476.717,75.849,64889.0,9.362,70.227,90.11402,7.05
Hungary,2015,0.5045356,27523.68,75.654,61633.0,9.348,70.5,91.623116,6.85
Hungary,2016,0.47483045,28212.613,76.157,132364.0,9.619,70.779,93.12667,6.99
Hungary,2017,0.44804698,29496.164,76.007,59635.0,9.523,71.062,94.62444,6.74
Hungary,2018,0.42657104,31117.28,76.205,20287.0,9.381,71.351,96.14339,6.58
Hungary,2019,0.41226634,32645.664,76.455,29480.0,9.342,71.644,97.62955,6.28
Hungary,2020,0.40425897,31232.102,75.73,34269.0,9.546,71.942,99.10948,7.29
Hungary,2021,0.40037566,33583.785,74.185,38994.0,9.654,72.245,100.0,7.38
Iceland,2003,0.3418755,43095.355,80.768,0.0,14.372,92.789,91.76119,9.73
Iceland,2004,0.3255657,46051.742,80.721,497.0,14.494,92.914,92.296394,9.33
Iceland,2005,0.31149548,48104.652,81.169,110.0,14.311,93.037,92.8316,8.95
Iceland,2006,0.29948768,49956.848,80.938,446.0,14.385,93.159,93.36679,8.56
Iceland,2007,0.289581,52827.01,81.093,251.0,14.416,93.278,93.90199,8.35
Iceland,2008,0.28102106,52999.438,81.244,193.0,15.12,93.395,94.43718,8.34
Iceland,2009,0.27422592,48770.95,81.417,310.0,15.901,93.511,94.97238,8.78
Iceland,2010,0.26907417,47457.62,81.594,475.0,15.478,93.574,95.507576,8.36
Iceland,2011,0.26540798,48186.168,81.972,393.0,14.179,93.587,96.04278,8.2
Iceland,2012,0.26317316,48440.254,82.346,108.0,14.138,93.6,96.57797,8.18
Iceland,2013,0.26178703,50168.688,81.743,152.0,13.356,93.633,97.11317,8.18
Iceland,2014,0.2614106,50450.742,82.43,0.0,13.301,93.667,97.64837,8.23
Iceland,2015,0.26187232,52142.934,82.164,114.0,12.476,93.7,98.18356,8.07
Iceland,2016,0.26303232,54665.766,81.829,0.0,11.96,93.735,98.71876,8.1
Iceland,2017,0.2646586,55638.492,82.241,0.0,11.655,93.773,99.25396,8.26
Indonesia,2000,5.204808,5621.262,66.292,93840888.0,21.688,42.002,23.541845,1.85
Indonesia,2001,4.96749,5744.494,66.583,87575704.0,21.386,42.783,23.87744,2.12
Indonesia,2002,4.7436457,5921.0776,66.954,51622976.0,21.107,43.568,24.211277,1.98
Indonesia,2003,4.5341964,6121.666,67.134,50913832.0,20.834,44.356,24.543207,2.25
Indonesia,2004,4.929244,6348.2944,65.521,54776048.0,20.796,45.149,24.873476,2.12
Indonesia,2005,4.151352,6625.6147,67.531,46058996.0,21.018,45.942,25.201418,2.53
Indonesia,2006,3.9767678,6899.851,67.664,60632296.0,20.943,46.738,25.527418,2.62
Indonesia,2007,3.8093953,7242.018,67.914,50614800.0,20.968,47.535,25.85121,2.82
Indonesia,2008,3.6550174,7578.205,68.085,45671560.0,20.511,48.335,26.173037,2.55
Indonesia,2009,3.5087895,7828.809,68.267,45413536.0,20.375,49.134,26.492393,2.62
Indonesia,2010,3.3675606,8212.635,68.364,40154824.0,20.362,49.914,26.807102,2.79
Indonesia,2011,3.2329128,8610.529,68.629,34847540.0,20.611,50.595,27.107656,2.99
Indonesia,2012,3.1052136,9015.801,68.862,26466610.0,20.41,51.276,27.406214,2.91
Indonesia,2013,2.9825063,9402.108,69.064,27375396.0,19.643,51.955,27.70254,2.87
Indonesia,2014,2.8633933,9759.025,69.292,24809924.0,19.091,52.635,27.99699,2.96
Indonesia,2015,2.7500985,10121.841,69.52,21897018.0,18.569,53.313,28.289217,2.92
Indonesia,2016,2.6426508,10519.295,69.733,17461084.0,18.138,53.989,28.579231,3.02
Indonesia,2017,2.5449986,10941.921,69.953,11379131.0,17.54,54.659,28.866594,2.9
Indonesia,2018,2.4504282,11397.432,70.08,11777847.0,17.146,55.325,29.151558,2.87
Indonesia,2019,2.361282,11857.789,70.349,9045612.0,16.909,55.985,29.433916,2.88
Indonesia,2020,2.2797995,11515.681,68.817,7682502.0,16.674,56.641,29.713915,3.42
Indonesia,2021,2.2010553,11859.437,67.452,7823084.0,16.417,57.29,29.991253,3.71
Iran,2005,2.6525836,13328.956,72.446,719146.0,16.385,67.558,91.43886,5.3
Iran,2006,2.479654,13780.728,72.895,607238.0,16.725,68.239,91.64402,5.16
Iran,2009,2.0449762,14473.833,74.041,1112372.0,17.157,70.045,92.20852,6.11
Iran,2011,1.8347286,15302.202,74.721,386033.0,17.673,71.2,92.56273,6.1
Iran,2012,1.7487679,14541.85,75.039,197071.0,18.138,71.755,92.73255,6.12
Iran,2013,1.6753906,14113.458,75.349,227038.0,18.531,72.295,92.89769,5.55
Iran,2014,1.608341,14538.521,75.635,495452.0,18.828,72.83,93.05934,6.35
Iran,2015,1.5458958,14010.858,75.907,329166.0,18.879,73.358,93.21733,7.53
Iran,2016,1.4851074,14968.595,76.155,371993.0,18.787,73.88,93.37181,7.99
Iran,2017,1.431382,15163.292,76.396,279248.0,18.045,74.394,93.52266,7.83
Iran,2018,1.3852704,14691.185,76.621,576135.0,16.664,74.898,93.669716,7.74
Iran,2019,1.3367398,14084.354,76.855,629960.0,14.918,75.391,93.81299,6.27
Iran,2020,1.2892803,14432.362,74.141,709492.0,14.008,75.874,93.95266,5.4
Iran,2021,1.2443787,15004.6875,73.752,574535.0,13.687,76.345,94.08863,5.77
Iraq,2006,3.8990593,7292.887,64.029,10096.0,34.964,68.819,53.08807,2.49
Iraq,2012,3.259808,9251.982,68.827,30056.0,34.833,69.432,55.97191,2.69
Ireland,2000,0.7134789,48441.7,76.535,6784.0,14.3,59.155,64.429375,5.9
Ireland,2002,0.6490278,52279.566,77.59,9242.0,15.255,59.649,64.64604,6.67
Ireland,2003,0.6040475,52985.02,78.1,5101.0,15.296,59.925,64.77273,7.01
Ireland,2004,0.5593556,55556.625,78.503,2121.0,15.075,60.202,64.89963,7.22
Ireland,2005,0.51968527,57479.406,78.909,903.0,14.597,60.477,69.56672,7.64
Ireland,2006,0.4868588,58741.188,79.15,17027.0,15.061,60.738,74.17241,7.52
Ireland,2007,0.46219784,60097.656,79.563,4333.0,16.023,60.94,78.70413,7.81
Ireland,2008,0.4438304,56244.406,79.788,8104.0,16.711,61.141,83.194534,9.13
Ireland,2009,0.4292655,52838.914,80.095,22251.0,16.766,61.342,87.644104,10.52
Ireland,2010,0.41707182,53436.22,80.599,24751.0,16.597,61.542,92.05278,10.52
Ireland,2011,0.40642136,53885.113,80.727,24959.0,16.252,61.742,94.9312,10.61
Ireland,2012,0.39697695,53587.67,80.852,15409.0,15.699,61.942,95.02116,10.6
Ireland,2013,0.38812965,53932.387,81.065,31545.0,14.989,62.141,95.110634,10.28
Ireland,2014,0.3787987,58266.586,81.406,18116.0,14.472,62.34,95.19962,9.51
Ireland,2015,0.36879465,71845.44,81.533,17286.0,13.952,62.538,95.28813,7.34
Ireland,2016,0.35852614,72293.21,81.684,6407.0,13.427,62.737,95.37614,7.47
Ireland,2017,0.34819865,78168.97,82.103,11691.0,12.844,62.947,95.46347,7.13
Ireland,2018,0.33883157,83746.15,82.123,191.0,12.511,63.17,95.55008,6.5
Ireland,2019,0.33133116,86984.984,82.411,2862.0,11.989,63.405,95.70192,6.71
Ireland,2020,0.32509094,91791.44,82.39,7194.0,11.338,63.653,95.85354,7.11
Ireland,2021,0.31930262,104671.875,81.861,3198.0,11.945,63.912,95.995834,6.72
Israel,2001,0.6612077,29865.87,79.479,16032.0,21.244,91.267,99.77214,7.02
Israel,2002,0.63474584,29236.936,79.514,31564.0,21.38,91.33,99.75787,6.92
Israel,2003,0.6086338,29114.041,79.819,30954.0,21.693,91.393,99.743614,6.86
Israel,2004,0.5825338,29972.48,80.305,33986.0,21.117,91.456,99.72934,6.8
Israel,2005,0.556964,30666.16,80.394,33494.0,20.661,91.518,99.71506,6.9
Israel,2006,0.5329204,31810.797,80.786,15868.0,20.865,91.58,99.70076,6.71
Israel,2007,0.5110647,33136.22,80.953,35313.0,20.97,91.641,99.686455,6.7
Israel,2008,0.49095368,33611.07,81.283,35339.0,21.237,91.702,99.67215,6.83
Israel,2009,0.472809,33107.035,81.818,36801.0,21.4,91.763,99.65783,6.92
Israel,2010,0.456254,34350.45,81.974,35084.0,21.802,91.826,99.64351,6.89
Israel,2011,0.44101372,35596.754,81.989,17921.0,21.506,91.892,99.62918,6.84
Israel,2012,0.42686754,35849.883,81.985,38698.0,21.588,91.96,99.614845,6.98
Israel,2013,0.41400343,36740.797,82.354,38248.0,21.289,92.031,99.60051,6.96
Israel,2014,0.40274087,37454.81,82.361,40457.0,21.397,92.104,99.58617,7.05
Israel,2015,0.39257887,37632.82,82.254,41385.0,21.266,92.179,99.571815,7.02
Israel,2016,0.38292587,38570.87,82.612,20630.0,21.217,92.256,99.557465,7.1
Israel,2017,0.37386528,39448.14,82.699,39857.0,21.107,92.336,99.5431,7.18
Israel,2018,0.36527908,40270.426,82.918,44127.0,20.799,92.418,99.528725,7.23
Israel,2019,0.35739166,41151.008,82.905,65668.0,20.187,92.501,99.51434,7.17
Israel,2020,0.35041845,39680.664,82.7,41446.0,19.435,92.587,99.499954,7.71
Israel,2021,0.34474105,42379.156,82.517,22700.0,19.87,92.674,99.485565,7.9
Italy,2000,0.5570818,43053.934,79.607,711501.0,9.442,67.222,94.76838,7.57
Italy,2002,0.504881,43915.387,80.112,854904.0,9.332,67.382,95.20594,7.87
Italy,2003,0.48285398,43781.22,80.191,440970.0,9.354,67.501,95.424866,7.83
Italy,2004,0.4635741,44118.035,81.017,348720.0,9.62,67.62,95.6439,8.17
Italy,2005,0.4472974,44260.83,81.02,375231.0,9.461,67.738,95.86303,8.34
Italy,2006,0.43419442,44918.17,81.414,379934.0,9.516,67.856,96.08226,8.44
Italy,2007,0.4235197,45356.535,81.5,397523.0,9.49,67.974,96.13227,8.14
Italy,2008,0.41433558,44623.6,81.645,414246.0,9.64,68.092,95.90065,8.53
Italy,2009,0.40531278,42074.92,81.762,538701.0,9.499,68.209,95.6689,8.95
Italy,2010,0.3961491,42664.355,82.132,750031.0,9.348,68.327,95.43701,8.92
Italy,2011,0.3867742,42892.305,82.228,686455.0,9.075,68.444,95.204994,8.77
Italy,2012,0.37757185,41501.71,82.252,714839.0,8.811,68.684,94.97285,8.78
Italy,2013,0.36875513,40268.113,82.652,827113.0,8.432,68.979,94.74057,8.78
Italy,2014,0.360418,39898.527,82.901,748995.0,8.179,69.272,94.508156,8.87
Italy,2015,0.35214862,40247.83,82.521,1183558.0,7.917,69.565,94.25136,8.86
Italy,2016,0.34274322,40837.74,83.046,988195.0,7.725,69.855,93.99455,8.73
Italy,2017,0.33171508,41581.12,82.726,860611.0,7.496,70.144,93.737755,8.68
Italy,2018,0.3189378,42045.92,83.184,880736.0,7.215,70.438,93.48096,8.68
Italy,2019,0.3046916,42739.05,83.342,593914.0,6.978,70.736,93.22416,8.66
Italy,2020,0.2896362,39093.523,82.181,492030.0,6.81,71.039,92.967354,9.63
Italy,2021,0.27520525,42562.555,82.865,481658.0,6.815,71.346,92.710556,9.38
Japan,2008,0.3410533,38781.2,82.633,614479.0,8.537,89.103,98.04329,8.09
Japan,2010,0.3198473,38069.957,82.916,0.0,8.352,90.812,98.13786,9.06
Japan,2013,0.29171452,39569.637,83.402,927657.0,8.013,91.226,98.27977,10.67
Jordan,2002,2.5397596,9463.036,72.359,10414.0,28.479,78.296,53.49964,9.28
Jordan,2006,2.2650452,10862.462,73.225,5573.0,26.457,80.97,55.555233,7.68
Jordan,2008,2.1357586,11540.403,73.563,719.0,28.707,83.692,59.781048,8.49
Jordan,2010,2.0181017,11866.881,73.797,2849.0,28.07,86.088,64.038826,8.17
Kazakhstan,2001,3.9787667,11682.842,64.108,1904009.0,15.939,56.171,63.369843,3.47
Kazakhstan,2002,3.732616,12827.231,64.441,1320570.0,16.423,56.244,64.92973,3.61
Kazakhstan,2003,3.505092,13973.078,64.753,919560.0,17.516,56.317,66.50294,3.72
Kazakhstan,2004,3.2988315,15208.44,65.04,497937.0,18.691,56.39,68.08938,3.98
Kazakhstan,2005,3.098041,16536.016,65.356,1311948.0,19.43,56.463,69.68898,3.9
Kazakhstan,2006,2.8935144,18112.78,65.722,154837.0,20.462,56.536,71.30166,3.4
Kazakhstan,2007,2.681642,19500.479,66.18,59699.0,21.533,56.609,72.92734,2.7
Kazakhstan,2008,2.4658363,19770.217,66.759,38317.0,22.714,56.682,74.56595,3.05
Kazakhstan,2009,2.2523437,19614.734,67.46,39293.0,22.413,56.755,76.21741,3.5
Kazakhstan,2010,2.04083,20751.258,68.257,31848.0,22.615,56.827,77.881325,2.74
Kazakhstan,2011,1.8319597,21970.084,69.108,11771.0,22.489,56.9,79.558266,2.6
Kazakhstan,2012,1.6321924,22702.578,69.939,6452.0,22.643,56.973,81.24783,3.04
Kazakhstan,2013,1.4528173,23720.816,70.719,5640.0,22.646,57.046,82.9075,2.66
Kazakhstan,2014,1.3023086,24355.756,71.415,3332.0,23.017,57.118,84.48871,2.97
Kazakhstan,2015,1.1853004,24290.418,72.024,6714.0,22.513,57.191,86.08145,3.04
Kazakhstan,2016,1.1048439,24210.863,72.549,8991.0,22.34,57.264,87.68542,3.42
Kazakhstan,2017,1.0575411,24862.967,72.996,7485.0,21.435,57.336,89.30042,3.05
Kazakhstan,2018,1.0327781,25544.346,73.369,2767.0,21.702,57.428,89.309814,2.82
Kazakhstan,2019,1.0208814,26351.805,73.658,2973.0,21.424,57.54,89.321266,2.79
Kazakhstan,2020,1.012613,25361.508,71.195,2218.0,22.57,57.671,89.33464,3.75
Kazakhstan,2021,0.9981674,26110.53,70.131,3362.0,23.271,57.821,89.34997,3.92
Kiribati,2006,6.0505586,1971.433,65.601,14039.0,29.738,44.03,10.92349,11.53
Kiribati,2019,5.971168,1963.5349,65.866,2095.0,27.826,54.835,13.754721,12.59
Kyrgyzstan,2000,4.9196653,3078.9092,65.242,1870329.0,22.257,35.298,45.659782,4.41
Kyrgyzstan,2001,4.682828,3212.1335,65.319,1649532.0,22.01,35.296,45.658703,4.28
Kyrgyzstan,2002,4.4648476,3182.233,65.342,1554571.0,22.141,35.295,45.942135,4.59
Kyrgyzstan,2003,4.2664747,3370.4302,65.448,1296288.0,22.403,35.293,46.22503,5.82
Kyrgyzstan,2004,4.089267,3563.8752,65.649,590893.0,22.755,35.292,46.50846,6.2
Kyrgyzstan,2005,3.9279068,3517.7205,65.789,700815.0,23.019,35.29,48.28265,7.45
Kyrgyzstan,2006,3.7659576,3588.0898,65.782,436855.0,23.979,35.289,50.08612,8.31
Kyrgyzstan,2007,3.590269,3857.6538,66.047,461125.0,24.335,35.287,51.91783,6.93
Kyrgyzstan,2008,3.39099,4142.2114,66.616,176011.0,24.881,35.285,53.778316,6.53
Kyrgyzstan,2009,3.169394,4210.6265,67.14,83276.0,25.908,35.284,55.668056,6.9
Kyrgyzstan,2010,2.9516149,4141.077,67.521,191843.0,27.336,35.306,57.597218,6.95
Kyrgyzstan,2011,2.7619157,4334.6606,67.748,69361.0,27.592,35.352,59.56533,7.11
Kyrgyzstan,2012,2.6062024,4259.3184,68.142,147459.0,27.414,35.423,61.571823,8.51
Kyrgyzstan,2013,2.4729867,4631.4033,68.462,149854.0,26.396,35.517,63.35695,8.19
Kyrgyzstan,2014,2.3458683,4722.086,68.829,61182.0,26.289,35.635,65.130806,7.36
Kyrgyzstan,2015,2.2216237,4805.141,69.309,129896.0,25.668,35.777,66.935,7.15
Kyrgyzstan,2016,2.103889,4912.3823,69.909,69520.0,24.546,35.944,68.75854,6.41
Kyrgyzstan,2017,1.993638,5046.6914,70.503,78629.0,24.123,36.135,70.52173,6.19
Kyrgyzstan,2018,1.8997056,5133.152,70.668,46529.0,26.371,36.351,72.30862,5.01
Kyrgyzstan,2019,1.8287529,5258.3667,70.891,42550.0,26.579,36.591,74.116615,4.49
Kyrgyzstan,2020,1.7791058,4790.6587,69.136,87577.0,24.01,36.856,76.33854,5.26
Kyrgyzstan,2021,1.7469412,4910.0864,69.29,48483.0,22.461,37.146,76.409775,5.44
Laos,2002,9.84898,3043.483,59.302,1427523.0,31.18,24.044,8.601665,3.7
Laos,2007,7.8455763,3988.1697,61.694,1185124.0,28.124,28.316,12.460381,3.15
Laos,2012,6.1290884,5434.8345,65.126,711380.0,26.174,31.264,14.594178,2.08
Laos,2018,4.678661,7546.3345,67.594,510390.0,23.599,35.004,17.16017,2.25
Latvia,2004,1.1166179,18165.75,70.939,56361.0,9.156,67.9,92.49211,6.2
Latvia,2005,1.0460812,20331.7,70.632,52881.0,9.841,68.0,92.55305,5.83
Latvia,2006,0.98574847,22975.562,70.55,34458.0,10.398,67.967,92.636284,5.7
Latvia,2007,0.93355685,25466.783,70.789,13972.0,10.963,67.9,92.89953,5.51
Latvia,2008,0.8834835,24899.646,71.999,27842.0,11.33,67.834,93.16433,5.58
Latvia,2009,0.8322217,21704.324,72.697,36339.0,10.505,67.814,93.43695,6.1
Latvia,2010,0.7780663,21173.402,73.028,36344.0,9.655,67.841,93.716675,6.1
Latvia,2011,0.7201821,22117.406,73.718,21186.0,9.305,67.869,93.996735,5.72
Latvia,2012,0.66085047,23970.453,73.939,21720.0,9.877,67.897,94.277016,5.41
Latvia,2013,0.6045793,24715.066,74.187,23455.0,10.362,67.925,94.557495,5.41
Latvia,2014,0.552303,25423.488,74.306,15778.0,10.993,67.952,94.83807,5.46
Latvia,2015,0.5074896,26628.355,74.665,12860.0,11.23,67.98,95.11897,5.65
Latvia,2016,0.47283912,27509.336,74.757,12677.0,11.293,68.021,95.401306,6.13
Latvia,2017,0.44473067,28673.562,74.8,15484.0,10.82,68.075,95.68483,5.97
Latvia,2018,0.4200591,30051.018,74.979,6938.0,10.101,68.142,95.969284,6.19
Latvia,2019,0.3962815,30438.453,75.628,4576.0,9.866,68.222,96.25441,6.61
Latvia,2020,0.37188393,29575.568,75.478,8647.0,9.273,68.315,96.53996,7.25
Latvia,2021,0.34616262,31833.842,73.181,7487.0,9.265,68.421,96.82567,9.04
Lebanon,2011,1.2385955,19193.92,77.768,0.0,19.033,87.484,45.974888,8.18
Lesotho,2002,11.367423,1788.567,45.95,1321694.0,29.365,20.597,10.610427,6.54
Lesotho,2017,7.5957994,2571.074,53.874,704521.0,28.241,27.73,24.73947,10.57
Lithuania,2004,0.9316821,19226.469,72.001,91434.0,8.885,66.646,71.213745,5.51
Lithuania,2005,0.9050287,21053.186,71.246,59198.0,9.011,66.635,73.05331,5.65
Lithuania,2006,0.861092,22977.996,70.964,49801.0,9.091,66.706,74.91872,5.84
Lithuania,2007,0.8012455,25835.367,70.698,43285.0,9.334,66.777,76.798454,5.76
Lithuania,2008,0.73415846,26784.88,71.696,44431.0,9.893,66.848,78.69247,6.29
Lithuania,2009,0.6675801,23065.062,72.85,70952.0,10.256,66.842,80.59157,7.37
Lithuania,2010,0.60643876,23942.76,73.196,47523.0,10.259,66.757,82.49667,6.81
Lithuania,2011,0.55574816,25968.584,73.608,21214.0,10.143,66.741,84.425,6.49
Lithuania,2012,0.51858836,27330.896,73.964,28318.0,10.258,66.864,86.38264,6.28
Lithuania,2013,0.5003349,28589.027,74.027,20852.0,10.146,66.986,88.35362,6.13
Lithuania,2014,0.49696556,29855.832,74.596,37007.0,10.404,67.108,90.337975,6.19
Lithuania,2015,0.4915483,30748.197,74.474,20911.0,10.921,67.23,92.335594,6.49
Lithuania,2016,0.46881938,31925.803,74.82,36441.0,10.844,67.366,93.99288,6.64
Lithuania,2017,0.43315881,33761.87,75.701,28921.0,10.327,67.516,94.44231,6.48
Lithuania,2018,0.3983139,35446.707,75.909,25915.0,10.105,67.679,94.87325,6.53
Lithuania,2019,0.37240723,37198.875,76.424,15310.0,9.843,67.855,94.897484,6.99
Lithuania,2020,0.35685524,37179.766,75.105,5296.0,9.011,68.046,94.92379,7.48
Lithuania,2021,0.35152018,39432.402,74.297,7019.0,8.223,68.249,94.95175,7.82
Luxembourg,2000,0.4515749,99301.52,77.263,0.0,12.758,84.216,99.831566,5.93
Luxembourg,2001,0.42318502,101143.15,77.53,0.0,12.264,84.843,99.830315,6.38
Luxembourg,2002,0.3976434,103317.33,77.552,0.0,11.897,85.299,99.8294,6.76
Luxembourg,2003,0.37379062,104743.0,77.262,324.0,11.597,85.743,99.828514,6.96
Luxembourg,2004,0.35245734,107634.836,78.658,83.0,11.741,86.177,99.82765,7.28
Luxembourg,2005,0.3342299,108632.36,78.879,161.0,11.37,86.598,99.826805,7.12
Luxembourg,2006,0.3185121,113346.04,78.838,0.0,11.476,87.009,99.82598,6.64
Luxembourg,2007,0.30556104,120647.82,79.116,105.0,11.217,87.409,99.82518,6.16
Luxembourg,2008,0.29491282,118154.664,80.107,0.0,11.2,87.8,99.8244,6.23
Luxembourg,2009,0.28661865,112230.08,79.907,220.0,11.139,88.178,99.82365,6.95
Luxembourg,2010,0.28023046,114343.984,80.099,0.0,11.346,88.547,99.82291,6.66
Luxembourg,2011,0.27572495,112998.39,80.285,609.0,10.653,88.906,99.82219,5.95
Luxembourg,2012,0.27272168,112137.13,80.438,232.0,11.121,89.249,99.77649,5.29
Luxembourg,2013,0.27074,113050.664,80.854,484.0,11.035,89.574,99.72375,5.24
Luxembourg,2014,0.26967263,113313.58,81.236,778.0,10.706,89.884,99.67429,5.23
Luxembourg,2015,0.2694157,113182.73,81.256,1710.0,10.521,90.179,99.62786,5.08
Luxembourg,2016,0.26996773,116283.7,81.62,682.0,10.226,90.46,99.58425,5.07
Luxembourg,2017,0.27097672,114985.84,81.089,1688.0,10.155,90.727,99.54323,5.14
Luxembourg,2018,0.27223492,114164.47,81.519,1732.0,10.118,90.981,99.5046,5.28
Luxembourg,2019,0.27293164,115209.6,81.588,627.0,9.898,91.223,99.51253,5.47
Luxembourg,2020,0.272263,112274.82,81.411,0.0,10.131,91.453,99.520065,5.74
Luxembourg,2021,0.2694872,118510.0,81.839,320.0,10.279,91.672,99.52723,5.67
Madagascar,2001,10.024064,1614.3857,58.674,11863260.0,41.116,27.391,7.488781,4.12
Madagascar,2005,8.434256,1522.0697,60.664,13947807.0,38.446,28.814,9.932615,5.22
Madagascar,2010,7.0578895,1511.9867,62.597,17418466.0,36.746,31.938,13.657627,4.7
Madagascar,2012,6.7750807,1497.0095,63.007,18907122.0,35.061,33.227,15.292566,3.91
Malawi,2004,11.963396,1087.8655,51.073,8601553.0,43.965,14.964,8.467421,4.07
Malawi,2010,8.292065,1354.7054,57.787,10137870.0,40.686,15.544,11.062706,5.14
Malawi,2016,5.324054,1437.0421,63.163,11538619.0,34.225,16.506,14.136313,7.73
Malawi,2019,4.5400496,1517.7031,64.995,13329276.0,32.902,17.174,15.87523,7.15
Malaysia,2003,0.85500765,16723.924,73.727,388718.0,19.55,64.78,92.83031,2.92
Malaysia,2006,0.8145504,18535.053,74.697,204159.0,17.395,67.483,93.03588,3.11
Malaysia,2008,0.81441337,19792.266,75.151,193665.0,17.356,69.225,93.17592,3.01
Malaysia,2011,0.8088633,20900.32,75.488,40836.0,17.186,71.609,93.37021,3.31
Malaysia,2013,0.8072976,22350.906,75.464,10239.0,16.761,72.93,93.4715,3.51
Malaysia,2015,0.8145684,24151.256,75.288,5991.0,16.336,74.213,93.57384,3.82
Malaysia,2018,0.8107802,26835.807,75.734,3594.0,14.808,76.036,93.724205,3.76
Malaysia,2021,0.79059845,26407.316,73.917,0.0,12.385,77.696,93.863365,4.38
Malta,2006,0.68783736,29655.652,79.561,2075.0,9.413,93.784,100.0,8.81
Malta,2007,0.6872497,30963.447,79.737,1669.0,9.402,93.857,100.0,8.17
Malta,2008,0.6872089,31939.725,79.69,446.0,9.865,93.929,100.0,7.86
Malta,2009,0.68741685,31340.398,80.415,1775.0,9.836,94.001,100.0,7.92
Malta,2010,0.6860719,32915.723,81.398,909.0,9.575,94.072,99.984024,7.95
Malta,2011,0.6842224,32929.637,80.804,773.0,10.037,94.141,99.966385,8.45
Malta,2012,0.67971796,33978.664,81.064,494.0,9.874,94.211,99.94875,8.38
Malta,2013,0.67449516,35338.766,81.818,126.0,9.491,94.279,99.93112,8.5
Malta,2014,0.6674987,37284.402,82.318,0.0,9.467,94.347,99.91349,9.09
Malta,2015,0.6593756,39903.04,82.591,376.0,9.509,94.414,99.89585,8.9
Malta,2016,0.649554,40318.957,82.657,419.0,9.579,94.48,99.87822,8.97
Malta,2017,0.63833135,43493.727,83.089,748.0,8.986,94.546,99.86059,8.73
Malta,2018,0.6248639,45116.074,82.908,501.0,8.844,94.612,99.84295,8.55
Malta,2019,0.61055666,46438.664,82.839,1536.0,8.415,94.678,99.82532,9.15
Malta,2020,0.59560275,41753.812,82.336,1318.0,8.476,94.744,99.807686,10.74
Mexico,2000,2.816469,19407.033,72.562,10451561.0,24.192,74.722,39.592655,4.45
Mexico,2002,2.5764453,18692.535,73.106,7590222.0,23.379,75.365,39.95924,5.07
Mexico,2004,2.3705344,19017.754,73.432,7432974.0,22.369,75.997,40.318104,5.95
Mexico,2005,2.2797148,19144.014,73.627,8224688.0,21.912,76.308,40.494644,5.84
Mexico,2006,2.1959987,19792.758,73.746,5722800.0,21.482,76.616,40.66932,5.66
Mexico,2008,2.0482829,19874.416,73.695,6561634.0,20.82,77.222,41.0131,5.7
Mexico,2010,1.915451,19054.357,73.718,5293932.0,20.331,77.815,41.349667,5.74
Mexico,2012,1.7928365,19842.564,74.128,4861284.0,19.855,78.405,41.679592,5.67
Mexico,2014,1.6783625,19994.502,74.404,4730182.0,18.959,78.993,42.00296,5.55
Mexico,2016,1.5712965,20423.559,74.376,2814867.0,17.69,79.577,42.31976,5.55
Mexico,2018,1.4706715,20789.361,74.301,2326468.0,17.037,80.156,42.630024,5.38
Mexico,2020,1.3749309,18639.662,70.449,2686208.0,16.565,80.731,42.8921,6.22
Moldova,2000,3.1469452,5004.6675,67.462,909115.0,11.708,44.589,40.353283,5.93
Moldova,2001,2.8555226,5321.84,67.672,678633.0,11.68,44.189,42.261364,6.23
Moldova,2002,2.5785623,5750.244,67.793,394744.0,11.683,43.789,44.215874,7.4
Moldova,2003,2.3377056,6147.0464,67.9,162832.0,12.166,43.389,46.217403,7.02
Moldova,2004,2.1473775,6618.284,68.017,189701.0,12.984,42.99,48.26705,8.97
Moldova,2005,2.004806,7131.988,68.197,314173.0,13.119,42.775,50.455475,9.56
Moldova,2006,1.9019827,7495.125,68.423,56540.0,13.298,42.744,52.77063,10.54
Moldova,2007,1.8283093,7737.888,68.674,27376.0,13.691,42.713,55.117805,11.02
Moldova,2008,1.7731078,8357.337,69.0,27467.0,14.256,42.682,57.49706,10.95
Moldova,2009,1.7346042,7865.822,69.406,18854.0,14.951,42.651,59.90842,13.68
Moldova,2010,1.7026911,8432.709,69.876,11747.0,14.785,42.62,62.351955,10.13
Moldova,2011,1.6755928,8928.501,70.173,6199.0,14.264,42.589,64.82769,9.1
Moldova,2012,1.647712,8877.01,70.344,3962.0,14.251,42.558,67.335686,9.14
Moldova,2013,1.6213121,9682.428,70.291,720.0,13.795,42.527,69.875984,8.68
Moldova,2014,1.5894135,10172.714,70.241,0.0,15.295,42.496,72.44862,8.63
Moldova,2015,1.5632697,10216.371,70.118,885.0,15.227,42.49,72.773735,8.56
Moldova,2016,1.5364728,10816.09,70.179,3029.0,14.88,42.511,73.10594,7.54
Moldova,2017,1.5126683,11464.019,70.375,0.0,13.762,42.557,73.44444,7.13
Moldova,2018,1.4926136,12142.73,70.236,0.0,13.275,42.629,73.789215,6.71
Moldova,2019,1.4732203,12776.922,70.181,763.0,12.637,42.726,74.139725,6.5
Moldova,2021,1.434479,13703.939,68.991,0.0,11.521,42.998,74.857574,7.75
Mongolia,2002,5.3386574,4687.445,63.992,290058.0,19.424,59.304,20.196634,5.19
Mongolia,2007,3.3985546,6818.9937,66.471,44410.0,21.889,64.564,25.388634,4.08
Mongolia,2010,2.6257398,7518.831,67.1,30905.0,23.749,67.567,28.695032,3.74
Mongolia,2011,2.4357946,8685.78,67.167,23507.0,24.342,67.963,29.620155,3.59
Mongolia,2012,2.2804034,9586.715,67.611,13211.0,25.59,68.03,30.440584,3.86
Mongolia,2014,2.0434506,11107.989,68.737,9508.0,26.863,68.163,32.11119,4.21
Mongolia,2016,1.8478966,11058.95,69.736,21404.0,25.372,68.297,33.822056,4.58
Mongolia,2018,1.6494777,12052.294,70.574,22515.0,23.651,68.445,35.577793,4.53
Montenegro,2012,0.54085994,16802.506,76.237,18812.0,12.527,64.804,84.44356,8.3
Montenegro,2013,0.49226555,17381.852,76.354,18817.0,12.55,65.137,84.53345,8.47
Montenegro,2014,0.44973484,17674.734,76.468,10120.0,12.561,65.471,84.62296,8.0
Montenegro,2015,0.41406465,18263.725,76.594,8373.0,12.332,65.806,84.712105,9.02
Montenegro,2016,0.38374224,18798.021,76.565,15398.0,12.421,66.141,84.8008,8.63
Montenegro,2017,0.35820872,19682.41,76.593,20610.0,12.129,66.477,84.88911,7.98
Montenegro,2018,0.3362779,20686.713,76.921,17670.0,11.794,66.813,84.953575,8.34
Montenegro,2019,0.3175103,21534.09,76.639,12426.0,11.803,67.15,85.01322,8.33
Montenegro,2020,0.30073985,18259.084,75.85,10982.0,11.702,67.488,85.0722,11.42
Montenegro,2021,0.28572565,20710.535,73.789,12243.0,11.646,67.826,85.09556,10.55
Morocco,2000,5.235202,4771.347,66.794,2290256.0,22.689,53.335,41.516567,3.69
Morocco,2006,3.931062,6085.4814,69.157,1323446.0,21.858,55.746,44.36928,4.57
Morocco,2013,2.6245565,7362.2026,72.117,491034.0,20.341,59.7,62.553364,5.26
Myanmar,2015,5.1298847,4214.373,65.288,3200758.0,18.608,29.858,50.031273,5.48
Myanmar,2017,4.772898,4670.0806,65.909,1041143.0,18.341,30.322,52.822575,5.08
Nepal,2003,6.664678,2107.6409,64.229,10384298.0,27.732,14.538,27.560543,3.86
Nepal,2010,4.808932,2682.6987,66.772,2239717.0,22.851,16.768,29.358671,4.36
Netherlands,2004,0.55217445,48586.703,79.239,38405.0,11.899,81.514,99.98915,9.11
Netherlands,2005,0.53178304,49467.434,79.488,24206.0,11.513,82.63,99.98797,9.1
Netherlands,2006,0.51124555,51097.363,79.847,7485.0,11.308,83.636,99.986786,9.08
Netherlands,2007,0.49123225,52909.97,80.255,4690.0,11.046,84.539,99.98561,9.05
Netherlands,2008,0.47275305,53848.254,80.387,21973.0,11.156,85.402,99.98443,9.28
Netherlands,2009,0.45647255,51607.605,80.671,18311.0,11.128,86.288,99.983246,9.99
Netherlands,2010,0.44267473,52032.99,80.829,7882.0,11.042,87.134,99.98206,10.16
Netherlands,2011,0.43138146,52594.23,81.11,16034.0,10.754,87.879,99.98088,10.23
Netherlands,2012,0.42245308,51860.055,81.059,12707.0,10.485,88.588,99.979706,10.54
Netherlands,2013,0.41561565,51640.08,81.301,14599.0,10.213,89.187,99.97852,10.58
Netherlands,2014,0.41069633,52186.996,81.65,9733.0,10.361,89.69,99.97734,10.57
Netherlands,2015,0.4074087,52974.117,81.49,10446.0,10.078,90.173,99.97616,10.32
Netherlands,2016,0.4054548,53847.83,81.555,7820.0,10.107,90.635,99.974976,10.29
Netherlands,2017,0.40428942,55088.633,81.737,32338.0,9.908,91.077,99.9738,10.11
Netherlands,2018,0.40331167,56060.914,81.781,17390.0,9.781,91.49,99.97262,10.02
Netherlands,2019,0.40168315,56784.04,82.053,16604.0,9.769,91.876,99.971436,10.14
Netherlands,2020,0.3992918,54275.004,81.393,4877.0,9.702,92.236,99.97026,11.21
Netherlands,2021,0.39588,57334.703,81.356,12224.0,10.267,92.572,99.96908,11.29
Nicaragua,2001,3.6249714,3989.2185,67.028,925064.0,27.034,55.335,47.949993,5.48
Nicaragua,2005,2.9536178,4308.0483,70.374,496295.0,25.611,55.935,48.358696,6.22
Nicaragua,2009,2.4562697,4457.9326,71.499,477615.0,24.611,56.721,50.656265,7.69
Nicaragua,2014,2.0052786,5385.5073,72.792,244686.0,22.836,57.7,55.080795,7.98
Nigeria,2003,16.556808,3585.9946,48.618,64903052.0,43.71,37.356,14.61391,5.05
Nigeria,2010,13.531929,4857.266,51.315,56935752.0,42.139,43.48,21.18622,3.3
Nigeria,2012,13.086884,5045.4717,51.688,58321404.0,41.116,45.246,23.201637,3.36
Nigeria,2015,12.620659,5429.0996,51.939,60104216.0,38.951,47.838,24.965881,3.58
Nigeria,2018,11.991878,5089.778,52.669,62367092.0,35.69,50.344,26.707813,3.09
North Macedonia,2009,1.0818965,13103.507,74.469,200303.0,12.321,57.117,80.33632,6.53
North Macedonia,2010,1.0278938,13515.063,75.037,214711.0,12.705,57.089,80.335556,6.71
North Macedonia,2011,1.0130894,13807.549,75.142,187061.0,11.953,57.092,80.33797,6.52
North Macedonia,2012,1.0328577,13727.856,75.043,142476.0,12.405,57.125,80.34343,6.61
North Macedonia,2013,1.0749396,14108.977,75.583,107860.0,12.184,57.189,80.35201,6.72
North Macedonia,2014,1.1174823,14596.688,75.633,93382.0,12.418,57.284,80.36369,6.29
North Macedonia,2015,1.1246072,15139.344,75.629,113915.0,12.268,57.408,80.37824,6.34
North Macedonia,2016,1.0638485,15553.534,75.571,87804.0,12.369,57.563,80.39584,6.38
North Macedonia,2017,0.9507445,15706.54,76.152,93228.0,11.839,57.748,80.41637,6.44
North Macedonia,2018,0.8217017,16145.634,76.883,70561.0,11.743,57.963,80.32379,6.46
North Macedonia,2019,0.70044374,16773.143,76.835,55310.0,11.044,58.208,80.35073,7.07
Norway,2000,0.485466,57473.184,78.692,10557.0,13.176,76.02,99.90883,7.7
Norway,2003,0.43898517,59059.57,79.529,9336.0,12.335,77.084,99.85454,9.19
Norway,2004,0.42215014,61068.63,79.965,12161.0,12.354,77.399,99.800255,8.8
Norway,2005,0.40546054,62282.758,80.169,9337.0,12.211,77.675,99.745964,8.3
Norway,2006,0.38908118,63303.926,80.44,6105.0,12.457,77.95,99.69168,7.88
Norway,2007,0.37318286,64477.99,80.502,5966.0,12.281,78.234,99.6374,8.02
Norway,2008,0.35734802,63986.246,80.677,10811.0,12.519,78.526,99.58311,7.92
Norway,2009,0.341636,61958.36,80.865,4198.0,12.64,78.815,99.528824,9.03
Norway,2010,0.32647577,61672.96,81.039,7382.0,12.405,79.102,99.47454,8.86
Norway,2011,0.31281346,61551.215,81.245,4833.0,12.004,79.455,99.42025,8.73
Norway,2012,0.3006993,62399.168,81.446,5887.0,11.849,79.874,99.36597,8.72
Norway,2013,0.2899751,62275.69,81.668,6626.0,11.482,80.286,99.31168,8.87
Norway,2014,0.2800967,62838.516,82.087,5801.0,11.394,80.692,99.25739,9.28
Norway,2015,0.27103677,63371.887,82.273,8823.0,11.293,81.091,99.20311,10.07
Norway,2016,0.26238102,63547.688,82.415,14692.0,11.181,81.485,99.14882,10.53
Norway,2017,0.2537822,64589.555,82.624,15390.0,10.683,81.871,99.094536,10.23
Norway,2018,0.24553108,64696.473,82.76,13517.0,10.34,82.248,99.040245,9.96
Norway,2019,0.2376242,64983.355,82.955,8371.0,10.146,82.616,98.98596,10.44
Pakistan,2001,10.530367,3355.0503,62.241,53653080.0,35.71,33.18,34.93716,2.55
Pakistan,2004,9.846515,3650.0916,63.097,34852884.0,33.21,33.781,35.266693,2.22
Pakistan,2005,9.656262,3832.0789,62.416,35767476.0,32.887,33.982,35.56516,2.55
Pakistan,2007,9.298854,4068.4077,63.807,27402886.0,33.262,34.387,36.168842,2.82
Pakistan,2010,8.726082,4082.3376,64.378,18438048.0,33.525,34.997,38.4596,2.4
Pakistan,2011,8.514925,4104.196,64.659,19214534.0,33.045,35.202,39.45648,2.14
Pakistan,2013,8.063995,4268.36,65.129,15225547.0,31.902,35.613,41.457695,2.4
Pakistan,2015,7.6101,4507.8755,65.641,10846225.0,30.697,36.026,43.46864,2.46
Pakistan,2018,6.943692,5113.434,66.481,10925983.0,29.343,36.666,46.504486,2.83
Paraguay,2001,3.3037314,8640.303,70.281,465963.0,25.933,55.966,50.792397,5.61
Paraguay,2002,3.223537,8515.946,70.539,699714.0,25.109,56.6,51.734894,4.76
Paraguay,2003,3.1421292,8773.139,70.795,444452.0,24.412,56.977,52.56899,4.91
Paraguay,2004,3.065198,9022.798,71.054,309151.0,24.089,57.305,53.37761,4.93
Paraguay,2005,2.9867816,9113.412,71.317,332571.0,23.72,57.633,54.17942,4.83
Paraguay,2006,2.907706,9451.761,71.584,439882.0,23.301,57.96,54.97409,5.02
Paraguay,2007,2.829143,9865.326,71.817,438396.0,23.019,58.286,55.761646,5.02
Paraguay,2008,2.7438169,10403.841,72.047,243983.0,22.989,58.612,56.542442,5.04
Paraguay,2009,2.6643562,10272.177,72.282,328896.0,22.907,58.937,57.316162,5.52
Paraguay,2010,2.5892103,11281.256,72.551,314951.0,22.544,59.261,58.082848,5.47
Paraguay,2011,2.5101423,11613.169,72.787,295003.0,22.483,59.584,58.84252,5.82
Paraguay,2012,2.4371471,11376.407,73.105,197324.0,22.559,59.907,59.595493,6.53
Paraguay,2013,2.3597722,12150.972,73.292,107355.0,22.474,60.197,60.33296,6.06
Paraguay,2014,2.28779,12616.414,73.415,147023.0,22.635,60.474,61.061073,6.63
Paraguay,2015,2.2123942,12806.097,73.454,116846.0,22.662,60.75,61.78319,6.69
Paraguay,2016,2.1453223,13163.74,73.487,106175.0,22.487,61.026,62.499588,6.68
Paraguay,2017,2.0783265,13604.175,73.45,62374.0,22.166,61.3,63.209805,6.61
Paraguay,2018,2.0084124,13848.499,73.627,90637.0,21.836,61.585,63.916706,6.74
Paraguay,2019,1.9441983,13609.723,73.668,66052.0,21.421,61.879,64.01893,7.16
Paraguay,2020,1.8696591,13317.321,72.72,53829.0,21.036,62.183,64.08422,7.68
Paraguay,2021,1.8070021,13676.391,68.108,46201.0,20.689,62.496,64.15145,8.03
Peru,2000,3.7861683,6375.616,69.821,5135944.0,23.836,73.042,44.898407,4.41
Peru,2001,3.4898777,6329.413,70.315,5471730.0,23.028,73.448,45.297035,4.72
Peru,2002,3.2309232,6596.5503,70.815,4795842.0,22.599,73.85,45.691906,4.94
Peru,2003,3.0053287,6799.4497,71.278,4050862.0,22.33,74.249,46.08346,4.59
Peru,2004,2.8088007,7067.3555,71.447,4550001.0,22.392,74.644,46.471317,4.43
Peru,2005,2.636269,7443.931,71.988,5013535.0,22.089,75.034,46.855087,4.67
Peru,2006,2.4818347,7938.435,72.337,4426638.0,21.821,75.421,47.235638,4.41
Peru,2007,2.3438306,8548.6045,72.746,3779616.0,21.446,75.803,47.612167,4.43
Peru,2008,2.2197785,9262.151,72.743,3144822.0,20.908,76.052,47.933006,4.53
Peru,2009,2.1086147,9298.078,72.631,2556168.0,20.444,76.241,48.228485,4.97
Peru,2010,2.0106692,9996.9375,72.886,1994558.0,19.884,76.43,48.52299,4.72
Peru,2011,1.9250329,10539.982,73.327,1917238.0,19.75,76.617,48.81574,4.54
Peru,2012,1.852186,11084.874,73.979,1808343.0,19.21,76.804,49.10753,4.73
Peru,2013,1.7909441,11620.645,74.591,1620994.0,18.82,76.989,49.39757,4.75
Peru,2014,1.7418314,11773.944,75.26,1464522.0,18.366,77.173,49.686287,4.96
Peru,2015,1.702678,12015.1875,75.732,1449154.0,17.948,77.357,49.974052,4.96
Peru,2016,1.6712914,12321.318,75.951,1430920.0,17.565,77.539,50.260113,4.96
Peru,2017,1.6455319,12442.746,75.958,1421318.0,17.254,77.72,50.544853,4.88
Peru,2018,1.6224277,12696.236,76.018,1148710.0,16.93,77.907,50.83094,5.16
Peru,2019,1.5985792,12735.168,76.275,977224.0,16.853,78.099,51.117947,5.18
Peru,2020,1.5747864,11187.344,73.832,1938922.0,16.61,78.297,51.406208,6.29
Peru,2021,1.5427032,12533.842,71.596,934962.0,16.398,78.5,51.695312,6.15
Philippines,2000,3.6927285,4455.6724,67.789,11718674.0,29.285,46.135,40.57443,3.06
Philippines,2003,3.4500346,4703.6665,68.049,11308937.0,28.101,45.88,42.992058,3.08
Philippines,2006,3.213876,5227.533,68.172,13447691.0,27.419,45.625,44.669987,3.78
Philippines,2009,3.0164497,5574.4526,68.631,10341480.0,26.987,45.371,45.08481,4.16
Philippines,2012,2.8698554,6298.16,69.237,12239868.0,25.22,45.712,45.66887,4.18
Philippines,2015,2.7898784,7235.0815,69.45,8542232.0,22.933,46.284,46.314632,3.9
Philippines,2018,2.7953653,8365.732,69.761,5490388.0,19.418,46.907,46.97026,3.95
Philippines,2021,2.7870765,8095.5796,66.675,7691626.0,16.108,47.684,47.66306,5.87
Poland,2005,0.7558705,18844.557,75.127,351480.0,9.561,61.452,91.9585,5.81
Poland,2006,0.7288951,20012.621,75.25,251295.0,9.837,61.341,92.34341,5.8
Poland,2007,0.70004916,21437.457,75.414,179693.0,10.21,61.229,92.729965,5.87
Poland,2008,0.6682703,22334.781,75.583,66853.0,10.836,61.116,93.118195,6.38
Poland,2009,0.63278735,22951.785,75.906,139759.0,10.959,61.004,93.50833,6.59
Poland,2010,0.5970768,23692.91,76.282,132860.0,11.079,60.892,93.23505,6.47
Poland,2011,0.56608593,24874.172,76.568,130155.0,10.412,60.78,92.95179,6.29
Poland,2012,0.5414703,25258.594,76.775,74231.0,10.255,60.654,92.65699,6.27
Poland,2013,0.52150494,25490.328,77.076,160381.0,9.897,60.529,92.35212,6.48
Poland,2014,0.50448096,26488.201,77.312,151981.0,9.997,60.403,92.0369,6.43
Poland,2015,0.4894535,27667.69,77.589,164752.0,9.92,60.278,91.71145,6.4
Poland,2016,0.47582364,28497.104,77.639,89911.0,10.255,60.178,91.37842,6.57
Poland,2017,0.46347016,29958.121,77.716,132352.0,10.694,60.105,91.038124,6.58
Poland,2018,0.45265383,31739.258,77.623,94017.0,10.267,60.058,90.69059,6.31
Poland,2019,0.44411865,33159.75,77.921,23827.0,9.999,60.037,90.335976,6.46
Poland,2020,0.43898353,32546.826,76.595,52051.0,9.42,60.043,89.61919,6.5
Poland,2021,0.4389348,34944.04,75.639,40586.0,8.8,60.075,88.90618,6.44
Portugal,2003,0.5513937,30422.602,77.583,93700.0,10.715,56.287,93.76341,9.12
Portugal,2004,0.5049512,30892.82,78.427,56261.0,10.424,56.907,93.80032,9.53
Portugal,2005,0.4670419,31076.645,78.317,57088.0,10.361,57.522,93.838234,9.65
Portugal,2006,0.43793184,31524.75,79.089,9751.0,9.997,58.137,93.87748,9.35
Portugal,2007,0.4174079,32251.568,79.309,27171.0,9.724,58.749,93.91785,9.25
Portugal,2008,0.40252334,32307.912,79.603,14491.0,9.824,59.359,93.9594,9.58
Portugal,2009,0.39075774,31269.41,79.829,17532.0,9.431,59.964,94.0019,10.13
Portugal,2010,0.3812812,31798.154,80.115,14428.0,9.523,60.567,94.12394,10.03
Portugal,2011,0.3741212,31304.816,80.582,53636.0,9.144,61.167,94.24457,9.73
Portugal,2012,0.36923158,30156.701,80.555,73942.0,8.533,61.763,94.363716,9.65
Portugal,2013,0.36636943,30042.89,80.903,89429.0,7.941,62.352,94.452354,9.4
Portugal,2014,0.3650127,30444.6,81.314,56756.0,7.898,62.936,94.53891,9.34
Portugal,2015,0.36415678,31118.791,81.321,49967.0,8.176,63.514,94.623344,9.32
Portugal,2016,0.362628,31847.537,81.364,38683.0,8.356,64.086,94.70568,9.39
Portugal,2017,0.35936198,33044.715,81.66,42282.0,8.288,64.652,94.78596,9.31
Portugal,2018,0.35367265,34040.727,81.591,29849.0,8.331,65.211,94.864136,9.41
Portugal,2019,0.3452147,34945.66,81.959,15298.0,8.242,65.764,94.94031,9.51
Portugal,2020,0.33507854,32011.324,81.366,48632.0,8.04,66.31,95.01444,10.55
Portugal,2021,0.32487208,33636.44,81.398,23470.0,7.493,66.849,95.08658,11.14
Qatar,2017,0.6959205,92177.59,82.458,0.0,10.031,99.078,96.951164,3.21
Romania,2006,1.667436,18325.736,72.169,1558967.0,10.909,53.305,81.73721,5.07
Romania,2007,1.5210655,19943.836,72.792,1109014.0,10.95,53.436,81.77429,5.02
Romania,2008,1.394365,22166.418,73.216,839346.0,11.7,53.567,81.81137,5.02
Romania,2009,1.3024786,21118.615,73.457,637236.0,11.785,53.698,81.84845,5.28
Romania,2010,1.2356384,20415.629,73.579,845210.0,11.035,53.829,81.88552,5.64
Romania,2011,1.1789846,21443.033,74.288,1083216.0,10.066,53.96,81.9226,4.48
Romania,2012,1.1218526,21953.324,74.314,1245236.0,10.059,53.974,81.92657,4.51
Romania,2013,1.0593399,22094.48,74.918,1322346.0,9.616,53.937,81.91609,5.22
Romania,2014,0.9894997,23091.254,74.765,1398143.0,10.066,53.9,81.90562,5.03
Romania,2015,0.9173104,23933.29,74.737,1043514.0,10.294,53.887,81.90194,4.94
Romania,2016,0.8483888,24758.818,75.021,638415.0,10.553,53.9,81.90562,5.08
Romania,2017,0.7864602,26943.463,75.024,639794.0,10.85,53.936,81.91581,5.19
Romania,2018,0.7312796,28736.217,75.103,519321.0,10.552,53.998,81.93336,5.52
Romania,2019,0.6833178,30001.105,75.329,419217.0,10.083,54.084,81.957695,5.71
Romania,2020,0.6515914,29057.408,74.046,271517.0,9.962,54.194,81.98883,6.23
Romania,2021,0.64807814,30946.277,72.74,335983.0,9.724,54.329,82.02704,6.48
Russia,2000,1.9369924,14569.937,64.998,4361853.0,8.643,73.35,74.74428,5.02
Russia,2001,1.8412879,15378.09,65.015,2565721.0,9.003,73.346,74.74309,5.24
Russia,2002,1.7316452,16175.098,64.73,1469625.0,9.618,73.341,74.78977,5.52
Russia,2003,1.6142098,17434.809,64.715,1580991.0,10.198,73.373,74.84738,5.16
Russia,2004,1.4970598,18765.52,65.149,1445391.0,10.427,73.418,74.90872,4.76
Russia,2005,1.3859413,20042.814,65.219,1111921.0,10.186,73.463,74.96994,4.77
Russia,2006,1.2846396,21757.465,66.546,630803.0,10.406,73.508,75.03104,4.77
Russia,2007,1.1968117,23647.266,67.469,287609.0,11.348,73.553,75.092,4.75
Russia,2008,1.1255809,24887.854,67.862,131502.0,12.094,73.598,75.152855,4.9
Russia,2009,1.0743896,22939.693,68.657,94497.0,12.432,73.642,75.21329,5.64
Russia,2010,1.0413239,23961.22,68.153,119036.0,12.611,73.687,75.27389,4.97
Russia,2011,1.0154428,24972.078,69.725,54704.0,12.667,73.732,75.334366,4.79
Russia,2012,0.9864437,25933.293,70.117,46127.0,13.366,73.791,75.398674,4.94
Russia,2013,0.94712704,26332.396,70.64,11716.0,13.295,73.863,75.46647,5.08
Russia,2014,0.8927533,26057.156,70.798,30656.0,13.384,73.95,75.53827,5.18
Russia,2015,0.82510626,25488.096,71.345,47203.0,13.315,74.05,75.61346,5.3
Russia,2016,0.75446707,25490.709,71.91,39251.0,12.942,74.164,75.69224,5.29
Russia,2017,0.689835,25926.443,72.845,48308.0,11.598,74.292,75.774574,5.36
Russia,2018,0.6331229,26656.41,72.936,42176.0,11.014,74.433,75.860115,5.36
Russia,2019,0.5838288,27254.574,73.066,43897.0,10.209,74.587,75.94883,5.65
Russia,2020,0.54126996,26586.555,71.171,14837.0,9.961,74.754,76.04064,7.57
Samoa,2002,2.0003,4669.688,71.233,4065.0,30.558,21.941,60.49463,4.49
Samoa,2008,1.9301155,5585.776,71.531,2019.0,29.769,20.524,60.819508,4.53
Samoa,2013,1.8900009,5659.9497,71.229,2305.0,30.533,19.385,61.513844,6.21
Sao Tome and Principe,2010,3.6158752,2992.595,63.867,41192.0,37.323,64.952,30.862951,6.86
Sao Tome and Principe,2017,1.9382889,3373.2642,67.074,32711.0,30.564,71.968,34.603508,6.46
Senegal,2001,12.2814455,2668.7659,58.158,5251063.0,38.858,40.464,20.263725,3.68
Senegal,2005,9.158807,2787.5269,60.98,4601184.0,37.984,41.714,21.404764,3.67
Senegal,2011,6.282747,2790.8975,64.799,5319404.0,37.391,44.188,23.271248,4.21
Senegal,2018,4.369607,3368.8586,67.379,1456044.0,31.596,47.192,25.432404,4.43
Senegal,2021,3.841655,3511.6375,66.868,1706314.0,29.71,48.6,26.37587,4.35
Serbia,2012,0.71324664,14894.299,75.089,384444.0,9.644,55.356,74.79855,9.33
Serbia,2013,0.6850954,15399.89,75.346,418614.0,9.473,55.469,74.82105,9.31
Serbia,2014,0.65563095,15226.426,75.478,493660.0,9.574,55.583,74.84368,9.25
Serbia,2015,0.6275534,15578.311,75.653,471610.0,9.48,55.696,74.86615,8.81
Serbia,2016,0.60553694,16182.934,75.737,448654.0,9.377,55.81,74.888756,8.46
Serbia,2017,0.59097254,16611.13,75.792,378764.0,9.396,55.942,74.91404,8.22
Serbia,2018,0.58023465,17452.916,76.036,204121.0,9.306,56.092,74.94201,8.53
Serbia,2019,0.5691311,18306.904,76.058,162133.0,9.345,56.26,74.97264,8.67
Serbia,2020,0.5547061,18262.799,74.507,107422.0,9.048,56.446,75.00594,8.7
Serbia,2021,0.53436804,19860.31,72.853,84939.0,9.139,56.651,75.042076,10.01
Sierra Leone,2003,20.840101,1161.0211,46.784,3309788.0,43.473,36.352,5.674207,8.45
Sierra Leone,2011,15.405672,1446.0627,52.594,2558869.0,38.518,39.248,7.418571,10.77
Sierra Leone,2018,11.657646,1610.3232,59.059,2048810.0,33.34,42.055,9.178475,8.29
Slovakia,2004,0.8580634,18834.393,74.217,3612.0,9.98,55.713,94.08702,6.37
Slovakia,2005,0.8299381,20079.912,74.156,12754.0,10.113,55.563,94.72538,6.59
Slovakia,2006,0.8000616,21784.334,74.416,12303.0,10.034,55.412,95.36474,6.85
Slovakia,2007,0.7688456,24136.975,74.495,19756.0,10.146,55.261,96.005104,7.18
Slovakia,2008,0.73874295,25460.74,74.864,21931.0,10.678,55.111,96.64649,6.96
Slovakia,2009,0.71176344,24039.666,75.218,24065.0,11.341,54.96,97.28888,7.95
Slovakia,2010,0.6887812,25630.426,75.496,26693.0,11.226,54.685,97.93309,7.67
Slovakia,2011,0.670278,26281.223,76.018,22882.0,11.239,54.42,98.57904,7.3
Slovakia,2012,0.6557777,26582.541,76.176,21681.0,10.702,54.28,98.82872,7.54
Slovakia,2013,0.6439384,26722.01,76.514,15239.0,10.581,54.14,98.86433,7.5
Slovakia,2014,0.63293195,27416.135,76.848,36600.0,10.59,54.0,98.899925,6.88
Slovakia,2015,0.6221307,28805.387,76.65,35893.0,10.25,53.889,98.93553,6.76
Slovakia,2016,0.61216784,29327.516,77.216,74983.0,10.582,53.806,98.97113,7.09
Slovakia,2017,0.60326374,30142.367,77.22,12258.0,10.652,53.751,99.00673,6.76
Slovakia,2018,0.59631664,31313.82,77.265,9230.0,10.581,53.726,99.04233,6.67
Slovakia,2019,0.591689,32056.78,77.686,6442.0,10.473,53.729,99.07793,6.92
Slovakia,2020,0.58891195,30960.959,76.864,11589.0,10.387,53.76,99.11353,7.13
Slovakia,2021,0.58799213,32512.695,74.59,5528.0,10.432,53.82,99.14913,7.75
Slovenia,2004,0.44263554,30041.814,76.932,518.0,9.013,51.308,91.10523,7.94
Slovenia,2005,0.41985893,31128.83,77.503,2029.0,9.089,51.533,91.10523,8.0
Slovenia,2006,0.39769843,32812.74,77.82,1013.0,9.455,51.758,91.10523,7.82
Slovenia,2007,0.37634128,34907.367,78.285,653.0,9.864,51.983,91.10523,7.51
Slovenia,2008,0.35641983,36075.47,78.595,0.0,10.786,52.209,91.10523,7.85
Slovenia,2009,0.33793408,33052.227,79.027,0.0,10.734,52.433,91.10523,8.54
Slovenia,2010,0.32120812,33350.613,79.301,188.0,10.942,52.658,91.78527,8.57
Slovenia,2011,0.30591854,33568.066,79.588,0.0,10.747,52.883,92.46532,8.54
Slovenia,2012,0.29255658,32613.49,79.765,540.0,10.709,53.108,93.14536,8.72
Slovenia,2013,0.28078997,32234.025,80.088,448.0,10.305,53.332,93.8254,8.74
Slovenia,2014,0.2707973,33093.75,80.252,0.0,10.302,53.557,94.50545,8.5
Slovenia,2015,0.26245752,33799.727,80.499,100.0,10.046,53.781,95.18549,8.5
Slovenia,2016,0.25560206,34853.043,80.512,0.0,9.893,54.02,95.86553,8.46
Slovenia,2017,0.2496905,36507.555,80.616,0.0,9.837,54.273,96.54558,8.18
Slovenia,2018,0.24489982,37995.715,80.861,0.0,9.439,54.541,97.225624,8.28
Slovenia,2019,0.24133992,39061.25,81.007,0.0,9.235,54.822,97.90566,8.5
Slovenia,2020,0.2381684,37155.023,80.364,0.0,8.874,55.118,98.27432,9.43
Slovenia,2021,0.23527452,40104.36,80.434,0.0,9.178,55.427,98.27432,9.48
South Korea,2006,0.51761204,29990.521,79.035,120826.0,9.172,81.528,97.10565,4.85
South Korea,2008,0.45374218,32275.125,79.996,119085.0,9.254,81.733,97.43673,5.25
South Korea,2010,0.41251412,34394.492,80.717,245739.0,9.22,81.936,97.76837,5.82
South Korea,2012,0.38469812,36049.195,81.308,125138.0,9.275,81.851,98.10057,6.03
South Korea,2014,0.36182532,37967.477,82.364,119581.0,8.463,81.707,98.43334,6.4
South Korea,2016,0.34231204,39814.66,82.92,126657.0,7.757,81.562,98.692696,6.87
South Korea,2017,0.33292192,40957.418,83.278,123437.0,6.915,81.503,98.80168,7.05
South Korea,2018,0.3229966,41965.89,83.34,128327.0,6.246,81.459,98.91071,7.49
South Korea,2019,0.3121981,42758.59,83.685,0.0,5.704,81.43,99.01979,8.17
South Korea,2020,0.30076593,42396.76,83.675,0.0,5.207,81.414,99.128914,8.35
South Korea,2021,0.28895628,44299.91,83.852,0.0,5.001,81.414,99.21022,9.33
Spain,2000,0.5425743,34756.742,79.412,273991.0,9.728,76.262,99.352005,6.8
Spain,2003,0.50150543,36749.527,79.748,341193.0,10.227,76.778,99.42211,7.56
Spain,2004,0.48744154,37248.824,80.328,350952.0,10.351,77.022,99.45735,7.66
Spain,2005,0.47188392,37962.418,80.32,322149.0,10.44,77.263,99.49275,7.73
Spain,2006,0.45464453,38857.484,80.963,341696.0,10.593,77.502,99.52834,7.83
Spain,2007,0.43662757,39519.84,80.97,164192.0,10.631,77.74,99.564125,7.92
Spain,2008,0.41848454,39239.387,81.278,224678.0,11.017,77.976,99.60008,8.38
Spain,2009,0.40090412,37429.766,81.627,373500.0,10.524,78.21,99.60359,9.11
Spain,2010,0.38441497,37318.53,82.006,314732.0,10.278,78.442,99.60647,9.12
Spain,2011,0.36944252,36883.324,82.18,526944.0,9.934,78.673,99.60933,9.17
Spain,2012,0.3565037,35768.742,82.191,438073.0,9.597,78.902,99.59834,9.15
Spain,2013,0.34581128,35382.535,82.694,529745.0,9.092,79.133,99.57172,9.06
Spain,2014,0.3373328,35983.81,82.828,365878.0,9.09,79.366,99.54494,9.08
Spain,2015,0.33134356,37394.055,82.611,419642.0,8.933,79.602,99.547646,9.12
Spain,2016,0.32738826,38497.484,83.0,523076.0,8.706,79.84,99.55037,8.95
Spain,2017,0.32434136,39550.188,82.986,315945.0,8.321,80.08,99.553116,8.94
Spain,2018,0.32102805,40276.906,83.096,392453.0,7.859,80.321,99.55588,9.0
Spain,2019,0.31701672,40782.234,83.479,374163.0,7.537,80.565,99.55868,9.15
Spain,2020,0.3124165,36051.418,82.241,419833.0,7.201,80.81,99.56148,10.75
Spain,2021,0.30701587,38319.29,82.951,267544.0,7.129,81.056,99.56429,10.74
Sri Lanka,2002,1.5580472,6189.8667,72.271,2105443.0,19.172,18.349,44.948925,4.04
Sri Lanka,2006,1.3345364,7607.0293,72.825,1124448.0,18.852,18.288,45.526264,3.85
Sri Lanka,2009,2.0759034,8645.88,70.298,719209.0,17.628,18.242,46.094643,4.06
Sri Lanka,2012,1.037217,10744.147,75.187,545227.0,17.148,18.196,46.66353,3.31
Sri Lanka,2016,0.83146477,12770.843,76.136,277528.0,15.651,18.311,47.516056,3.62
Sri Lanka,2019,0.72696126,13639.021,76.698,209006.0,14.92,18.585,47.82529,3.9
Sweden,2000,0.4100284,40625.363,79.739,0.0,10.147,84.026,99.3919,7.33
Sweden,2001,0.40505815,41103.727,79.836,22122.0,10.261,84.071,99.40435,7.9
Sweden,2002,0.39773184,41870.258,79.935,0.0,10.692,84.133,99.41695,8.21
Sweden,2003,0.3876361,42678.285,80.195,28999.0,11.023,84.196,99.42949,8.32
Sweden,2004,0.37441742,44354.39,80.546,35720.0,11.173,84.258,99.44196,8.13
Sweden,2005,0.3594648,45440.297,80.621,97933.0,11.199,84.319,99.45436,8.15
Sweden,2006,0.34495267,47292.312,80.832,33088.0,11.565,84.43,99.467155,8.05
Sweden,2007,0.332088,48557.383,80.97,37584.0,11.658,84.588,99.48026,8.0
Sweden,2008,0.32136315,47963.492,81.137,53142.0,11.762,84.746,99.4932,8.21
Sweden,2009,0.31275693,45492.77,81.363,42589.0,11.913,84.902,99.505974,8.77
Sweden,2010,0.30603567,47791.37,81.519,51337.0,12.184,85.056,99.52669,8.32
Sweden,2011,0.30102718,48947.438,81.758,58174.0,11.767,85.297,99.54783,10.42
Sweden,2012,0.2972273,48300.844,81.73,43504.0,11.782,85.62,99.56925,10.74
Sweden,2013,0.29390913,48462.16,81.935,62486.0,11.738,85.936,99.59031,10.9
Sweden,2014,0.2907864,49258.996,82.224,45992.0,11.737,86.247,99.61101,10.95
Sweden,2015,0.28702816,50928.965,82.184,55773.0,11.635,86.553,99.631386,10.8
Sweden,2016,0.28214484,51334.434,82.339,25944.0,11.666,86.852,99.65143,10.85
Sweden,2017,0.2763773,51947.953,82.438,24978.0,11.374,87.146,99.67114,10.79
Sweden,2018,0.26998642,52349.293,82.532,73822.0,11.271,87.431,99.69054,10.94
Sweden,2019,0.26389116,52850.57,83.052,32535.0,11.058,87.708,99.70961,10.83
Sweden,2020,0.25828898,51331.28,82.427,40284.0,10.885,87.977,99.72807,11.33
Sweden,2021,0.25309885,54160.367,83.02,65545.0,10.871,88.238,99.73845,11.25
Switzerland,2000,0.5637078,59190.414,79.834,0.0,10.773,73.383,96.7,9.13
Switzerland,2002,0.5432912,59250.164,80.444,0.0,9.804,73.401,96.7,9.88
Switzerland,2004,0.5186908,59967.914,81.055,0.0,9.772,73.452,96.7,10.23
Switzerland,2006,0.494083,63318.793,81.549,3485.0,9.708,73.504,96.700005,9.58
Switzerland,2007,0.48285905,65213.18,81.703,1572.0,9.728,73.53,96.7,9.42
Switzerland,2008,0.47266546,66197.87,81.971,5237.0,9.857,73.556,96.7,9.53
Switzerland,2009,0.46369976,63873.953,81.989,2947.0,9.968,73.581,96.7,10.14
Switzerland,2010,0.4558304,65262.34,82.287,3808.0,10.117,73.607,96.7,9.93
Switzerland,2011,0.44942355,65710.914,82.574,246.0,10.072,73.631,96.7,10.05
Switzerland,2012,0.4439505,65783.586,82.617,717.0,10.13,73.653,96.7,10.14
Switzerland,2013,0.4387845,66196.945,82.689,3412.0,10.096,73.674,96.7,10.38
Switzerland,2014,0.43320078,66930.87,83.084,2683.0,10.262,73.696,96.7,10.43
Switzerland,2015,0.42692548,67261.59,82.846,2530.0,10.318,73.718,96.7,10.78
Switzerland,2016,0.42025867,67907.39,83.446,2870.0,10.359,73.739,96.700005,10.99
Switzerland,2017,0.4136613,68193.51,83.414,0.0,10.236,73.761,96.7,11.05
Switzerland,2018,0.40808702,69629.336,83.564,2597.0,10.203,73.797,96.700005,10.77
Switzerland,2019,0.4042348,69923.93,83.78,1491.0,9.955,73.849,96.7,11.06
Switzerland,2020,0.40216082,67928.195,83.063,3213.0,9.862,73.915,96.7,11.73
Tajikistan,2003,6.5311174,1663.2233,65.874,2452125.0,28.951,26.507,39.15903,4.7
Tajikistan,2004,6.021178,1799.8169,66.604,1452612.0,29.889,26.508,40.263874,4.8
Tajikistan,2007,4.8917704,2095.7979,67.405,919932.0,29.927,26.514,43.72774,5.54
Tajikistan,2009,4.4422545,2261.409,68.248,507276.0,31.411,26.518,46.159985,5.86
Tajikistan,2015,3.7578893,2959.9707,69.665,521206.0,31.994,26.742,51.88727,6.91
Tanzania,2000,12.89812,1369.5818,53.244,29225350.0,41.528,22.309,1.4304467,3.42
Tanzania,2007,8.16239,1802.5471,59.26,23461656.0,40.168,26.121,5.4745736,6.88
Tanzania,2011,6.525051,2064.0686,61.618,21198400.0,38.108,28.798,8.03602,5.06
Tanzania,2018,4.7889466,2511.8293,65.488,26045692.0,37.335,33.776,10.092174,4.16
Togo,2006,10.012045,1596.3877,56.142,3581474.0,37.661,35.649,8.178931,3.45
Togo,2011,8.618563,1687.6111,57.612,3974104.0,37.105,38.032,13.099692,4.55
Togo,2015,7.5768,1910.0,59.22,4087270.0,34.669,40.1,16.501093,4.96
Togo,2018,6.8812623,2014.9418,60.601,2312072.0,33.413,41.702,17.88741,6.09
Togo,2021,6.23857,2130.859,61.328,2332972.0,32.015,43.358,19.129435,5.56
Tonga,2000,1.6899183,4806.1963,69.635,3189.0,29.396,23.012,29.241148,2.9
Tonga,2009,1.3412316,4973.9136,70.949,1352.0,28.398,23.335,29.399992,3.93
Tonga,2015,1.24242,5644.633,71.851,1901.0,25.834,23.275,29.46977,4.47
Tonga,2021,1.1219451,6142.9634,72.13,20.0,23.507,23.104,29.508621,6.27
Tunisia,2000,2.936455,7673.711,72.604,427193.0,16.549,63.432,71.81362,4.81
Tunisia,2005,2.1731687,8847.087,73.712,267610.0,16.496,65.237,73.23371,5.15
Tunisia,2010,1.8854506,10478.011,74.438,163836.0,17.94,66.657,74.47888,5.61
Tunisia,2015,1.7600377,10750.237,74.875,16263.0,19.415,68.056,76.382576,6.21
Tunisia,2021,1.2306699,10395.913,72.893,33626.0,13.999,69.888,74.10628,6.97
Tuvalu,2010,3.134329,3334.6648,64.834,382.0,22.175,54.796,8.136395,15.65
Uganda,2002,13.126401,1335.1953,51.443,17059042.0,47.446,15.626,3.2775626,4.77
Uganda,2005,10.705931,1475.8116,54.926,16180864.0,45.833,16.96,5.030759,5.81
Uganda,2009,8.153762,1830.8717,59.157,14588516.0,43.381,18.878,7.6677732,5.79
Uganda,2012,6.6580467,2013.5464,61.579,13036576.0,41.419,20.424,9.8761015,6.11
Uganda,2016,5.2597466,2137.2073,64.494,16903616.0,38.279,22.624,13.133509,4.96
Uganda,2019,4.5536504,2250.015,66.354,18480600.0,37.212,24.361,15.809382,3.8
Ukraine,2002,1.668783,8765.683,67.699,1283630.0,8.113,67.283,66.62774,5.99
Ukraine,2003,1.5877305,9678.087,67.638,544358.0,8.546,67.427,66.73623,6.55
Ukraine,2004,1.5140007,10902.038,67.472,441144.0,8.959,67.597,69.34845,6.17
Ukraine,2005,1.4502305,11319.511,67.517,186919.0,9.12,67.79,71.9575,6.35
Ukraine,2006,1.3948915,12259.158,67.49,75072.0,9.787,67.969,74.53521,6.42
Ukraine,2007,1.3422419,13345.771,67.715,47454.0,10.202,68.147,77.09165,6.02
Ukraine,2008,1.2876475,13719.271,68.262,12407.0,11.014,68.325,79.62727,5.5
Ukraine,2009,1.2306504,11694.448,69.159,31923.0,11.201,68.502,82.14158,6.61
Ukraine,2010,1.17303,12221.44,70.188,5751.0,10.915,68.596,84.61851,6.81
Ukraine,2011,1.1166756,12933.356,70.711,5187.0,11.054,68.689,87.0901,6.82
Ukraine,2012,1.0645969,12985.087,71.09,51907.0,11.419,68.782,89.55655,7.12
Ukraine,2013,1.0187212,13020.601,71.474,2008.0,11.172,68.875,89.5572,6.94
Ukraine,2014,0.9791144,12385.813,71.803,5558.0,10.632,68.968,89.013596,7.2
Ukraine,2015,0.9449338,11216.118,72.686,55637.0,9.802,69.061,88.84098,7.78
Ukraine,2016,0.91545784,11536.316,73.389,44261.0,9.614,69.154,88.66827,7.55
Ukraine,2017,0.8900693,11860.561,73.993,14446.0,8.779,69.246,88.49545,7.44
Ukraine,2018,0.868498,12336.927,73.569,4433.0,8.125,69.352,88.32258,7.52
Ukraine,2019,0.85018456,12804.955,73.92,0.0,7.823,69.473,88.149864,7.09
Ukraine,2020,0.83518904,12407.79,73.283,12721.0,7.555,69.608,87.9775,7.56
United Kingdom,2000,0.6547554,38645.336,77.849,146575.0,11.592,78.651,100.0,7.13
United Kingdom,2001,0.6444475,39489.58,78.121,146576.0,11.386,78.751,100.0,7.34
United Kingdom,2002,0.63467115,40027.418,78.237,148073.0,11.368,79.047,100.0,7.65
United Kingdom,2003,0.62496084,41095.105,78.33,149043.0,11.73,79.339,100.0,8.06
United Kingdom,2004,0.61490196,41853.477,78.9,149830.0,11.985,79.629,100.0,8.31
United Kingdom,2005,0.6037551,42705.547,79.106,148979.0,12.034,79.915,100.0,8.36
United Kingdom,2006,0.5906795,43404.402,79.347,140033.0,12.357,80.199,99.99818,8.63
United Kingdom,2007,0.5751196,44196.254,79.534,149489.0,12.653,80.479,99.98605,8.62
United Kingdom,2008,0.5572137,43750.8,79.655,152586.0,12.891,80.757,99.97393,9.03
United Kingdom,2009,0.5374571,41417.258,80.156,155023.0,12.764,81.031,99.9618,10.05
United Kingdom,2010,0.5168964,42013.824,80.391,154626.0,12.888,81.302,99.94968,9.93
United Kingdom,2011,0.49701285,42164.117,80.796,156443.0,12.828,81.57,99.937546,9.92
United Kingdom,2012,0.47924885,42505.44,80.859,155860.0,12.779,81.837,99.92542,9.95
United Kingdom,2013,0.46460748,42978.465,80.923,156767.0,12.197,82.102,99.91329,9.87
United Kingdom,2014,0.45405364,44026.527,81.153,159116.0,12.018,82.365,99.90116,9.86
United Kingdom,2015,0.44743285,44648.844,80.919,162300.0,11.918,82.626,99.88904,9.8
United Kingdom,2016,0.44332886,45162.996,81.067,163486.0,11.777,82.886,99.87691,9.73
United Kingdom,2017,0.44004267,46048.2,81.164,164682.0,11.411,83.143,99.864784,9.6
United Kingdom,2018,0.436519,46412.54,81.123,331293.0,10.982,83.398,99.85265,9.73
United Kingdom,2019,0.43198258,46909.08,81.443,332871.0,10.645,83.652,99.84053,9.96
United Kingdom,2020,0.42591792,41895.824,80.385,334959.0,10.204,83.903,99.82841,12.16
United Kingdom,2021,0.4184091,45567.57,80.708,164282.0,10.241,84.152,99.81628,12.36
United States,2005,0.7961227,54331.66,77.526,2954374.0,13.714,79.928,95.35509,14.58
United States,2006,0.78595847,55307.72,77.798,2980544.0,13.991,80.099,95.364395,14.71
United States,2007,0.774348,55885.645,78.047,3011982.0,14.023,80.269,95.37364,14.92
United States,2008,0.7614106,55427.18,78.127,3040177.0,13.719,80.438,95.382835,15.21
United States,2009,0.74757975,53514.934,78.476,3065832.0,13.275,80.606,95.391975,16.2
United States,2010,0.733601,54510.465,78.668,3092426.0,12.791,80.772,95.55789,16.2
United States,2011,0.7201449,54954.465,78.702,3112645.0,12.552,80.944,95.72309,16.14
United States,2012,0.70795554,55796.973,78.817,3134005.0,12.433,81.119,95.88738,16.12
United States,2013,0.69707507,56432.33,78.817,3146262.0,12.28,81.299,96.050804,15.99
United States,2014,0.68724144,57301.6,78.879,3976476.0,12.331,81.483,96.213264,16.2
United States,2015,0.6781181,58420.703,78.722,4006634.0,12.211,81.671,96.37471,16.49
United States,2016,0.6694318,58965.99,78.686,3228750.0,12.008,81.862,96.535065,16.8
United States,2017,0.66107816,59907.754,78.648,4063776.0,11.657,82.058,96.69435,16.77
United States,2018,0.6531426,61348.457,78.8,3267702.0,11.389,82.256,96.85243,16.63
United States,2019,0.64564383,62470.93,78.916,3280576.0,11.169,82.459,97.00933,16.67
United States,2020,0.638874,60158.91,77.011,828693.0,10.73,82.664,97.164955,18.76
United States,2021,0.63252866,63635.824,76.384,825825.0,10.822,82.873,97.3193,17.36
Uzbekistan,2000,6.1503386,2967.6018,65.456,20051370.0,21.737,46.126,53.767487,5.12
Uzbekistan,2002,5.579504,3134.9612,66.376,20336180.0,20.901,47.088,56.45625,5.14
Uzbekistan,2003,5.261806,3229.848,66.852,20838536.0,20.464,47.571,57.790802,5.19
Vietnam,2002,2.7551951,4082.3733,73.138,24143706.0,18.095,25.511,46.769115,3.87
Vietnam,2004,2.5766525,4597.7573,73.062,16579136.0,17.996,26.683,47.896313,4.09
Vietnam,2006,2.4515705,5186.432,73.293,12510218.0,17.249,27.888,49.019196,4.57
Vietnam,2008,2.3637202,5757.924,73.455,9535385.0,17.664,29.128,50.137768,4.36
Vietnam,2010,2.3053927,6324.526,73.611,2509118.0,17.409,30.417,51.256012,5.07
Vietnam,2012,2.2556262,6950.2876,73.762,1482547.0,17.892,31.752,52.37195,5.0
Vietnam,2014,2.2136855,7641.9097,73.886,1744465.0,18.671,33.115,53.478878,4.69
Vietnam,2016,2.170697,8545.702,73.984,1176603.0,17.313,34.51,54.577488,4.87
Vietnam,2018,2.1313586,9636.014,74.1,1168814.0,15.438,35.919,55.66161,5.03
Vietnam,2020,2.0899746,10450.621,75.383,631868.0,15.234,37.34,56.73035,4.3
Zimbabwe,2011,7.99867,2033.1814,53.911,2810964.0,38.142,33.015,28.014801,8.08
Zimbabwe,2017,5.5789557,2331.7808,60.263,5045768.0,31.813,32.237,26.944588,6.36
Zimbabwe,2019,5.2376547,2203.3967,61.06,6104153.0,31.121,32.21,26.683977,3.23
